"organism","ID_link","CSPA category","UP_Protein_name","UP_entry_name","CD","ENTREZ_gene_ID","ENTREZ gene symbol","protein probability","count detection in different cell types","Phobius TM predicted yes/no","# predicted TM domains","GPI","UniProt Cell surface"
"Human","P08473","1 - high confidence","Neprilysin","NEP_HUMAN","CD10",4311,"MME","1",29,1,1,0,"yes"
"Human","Q93033","1 - high confidence","Immunoglobulin superfamily member 2","IGSF2_HUMAN","CD101",9398,"CD101","1",6,1,1,0,"yes"
"Human","P38570","1 - high confidence","Integrin alpha-E","ITAE_HUMAN","CD103",3682,"ITGAE","0,9934",1,1,1,0,"yes"
"Human","P17813","1 - high confidence","Endoglin","EGLN_HUMAN","CD105",2022,"ENG","1",8,1,1,0,"yes"
"Human","P11279","1 - high confidence","Lysosome-associated membrane glycoprotein 1","LAMP1_HUMAN","CD107a",3916,"LAMP1","1",38,1,1,0,"yes"
"Human","O75326","1 - high confidence","Semaphorin-7A","SEM7A_HUMAN","CD108",8482,"SEMA7A","1",21,1,1,1,"yes"
"Human","Q15223","1 - high confidence","Poliovirus receptor-related protein 1","PVRL1_HUMAN","CD111",5818,"PVRL1","1",38,1,1,0,"yes"
"Human","Q9NQS3","1 - high confidence","Poliovirus receptor-related protein 3","PVRL3_HUMAN","CD113",25945,"PVRL3","1",19,1,2,0,"yes"
"Human","P10721","1 - high confidence","Mast/stem cell growth factor receptor","KIT_HUMAN","CD117",3815,"KIT","0,9952",1,1,1,0,"yes"
"Human","P15260","1 - high confidence","Interferon gamma receptor 1","INGR1_HUMAN","CD119",3459,"IFNGR1","1",30,1,1,0,"yes"
"Human","P11215","1 - high confidence","Integrin alpha-M","ITAM_HUMAN","CD11b",3684,"ITGAM","1",6,1,1,0,"yes"
"Human","P19438","1 - high confidence","Tumor necrosis factor receptor superfamily member 1A","TNR1A_HUMAN","CD120a",7132,"TNFRSF1A","1",2,1,1,0,"yes"
"Human","P27930","1 - high confidence","Interleukin-1 receptor type 2","IL1R2_HUMAN","CD121b",7850,"IL1R2","1",8,1,1,0,"yes"
"Human","P26951","1 - high confidence","Interleukin-3 receptor subunit alpha","IL3RA_HUMAN","CD123",3563,"IL3RA","1",5,1,1,0,"yes"
"Human","Q01344","1 - high confidence","Interleukin-5 receptor subunit alpha","IL5RA_HUMAN","CD125",3568,"IL5RA","0,9913",1,1,1,0,"yes"
"Human","P15144","1 - high confidence","Aminopeptidase N","AMPN_HUMAN","CD13",290,"ANPEP","1",20,1,1,0,"yes"
"Human","P32927","1 - high confidence","Cytokine receptor common subunit beta","IL3RB_HUMAN","CD131",1439,"CSF2RB","1",3,1,1,0,"yes"
"Human","O43490","1 - high confidence","Prominin-1","PROM1_HUMAN","CD133",8842,"PROM1","1",6,1,5,0,"yes"
"Human","Q04912","1 - high confidence","Macrophage-stimulating protein receptor","RON_HUMAN","CD136",4486,"MST1R","1",14,1,1,0,"yes"
"Human","P08571","1 - high confidence","Monocyte differentiation antigen CD14","CD14_HUMAN","CD14",929,"CD14","1",2,0,0,1,"yes"
"Human","P09619","1 - high confidence","Beta-type platelet-derived growth factor receptor","PGFRB_HUMAN","CD140b",5159,"PDGFRB","1",8,1,1,0,"yes"
"Human","P13726","1 - high confidence","Tissue factor","TF_HUMAN","CD142",2152,"F3","1",29,1,1,0,"yes"
"Human","P33151","1 - high confidence","Cadherin-5","CADH5_HUMAN","CD144",1003,"CDH5","1",4,1,1,0,"yes"
"Human","P35613","1 - high confidence","Basigin","BASI_HUMAN","CD147",682,"BSG","1",47,1,1,0,"yes"
"Human","Q13291","1 - high confidence","Signaling lymphocytic activation molecule","SLAF1_HUMAN","CD150",6504,"SLAMF1","1",12,1,1,0,"yes"
"Human","P48509","2 - putative","CD151 antigen","CD151_HUMAN","CD151",977,"CD151","1",24,1,4,0,"#N/A"
"Human","P29965","1 - high confidence","CD40 ligand","CD40L_HUMAN","CD154",959,"CD40LG","1",2,1,1,0,"yes"
"Human","P78325","1 - high confidence","Disintegrin and metalloproteinase domain-containing protein 8","ADAM8_HUMAN","CD156a",101,"ADAM8","1",3,1,1,0,"yes"
"Human","O14672","1 - high confidence","Disintegrin and metalloproteinase domain-containing protein 10","ADA10_HUMAN","CD156c",102,"ADAM10","1",42,1,1,0,"yes"
"Human","P43628","1 - high confidence","Killer cell immunoglobulin-like receptor 2DL3","KI2L3_HUMAN","CD158b2",3804,"KIR2DL3","1",1,1,1,0,"yes"
"Human","Q8N109","1 - high confidence","Killer cell immunoglobulin-like receptor 2DL5A","KI2LA_HUMAN","CD158f1",57292,"KIR2DL5A","0,9988",1,1,1,0,"yes"
"Human","P43632","1 - high confidence","Killer cell immunoglobulin-like receptor 2DS4","KI2S4_HUMAN","CD158i",3809,"KIR2DS4","1",1,1,1,0,"yes"
"Human","P26715","2 - putative","NKG2-A/NKG2-B type II integral membrane protein","NKG2A_HUMAN","CD159a",3821,"KLRC1","1",1,1,1,0,"#N/A"
"Human","O95971","1 - high confidence","CD160 antigen","BY55_HUMAN","CD160",11126,"CD160","1",2,0,0,1,"yes"
"Human","Q12918","2 - putative","Killer cell lectin-like receptor subfamily B member 1","KLRB1_HUMAN","CD161",3820,"KLRB1","1",1,1,1,0,"#N/A"
"Human","Q14242","1 - high confidence","P-selectin glycoprotein ligand 1","SELPL_HUMAN","CD162",6404,"SELPLG","1",4,1,1,0,"yes"
"Human","Q04900","1 - high confidence","Sialomucin core protein 24","MUC24_HUMAN","CD164",8763,"CD164","0,9957",4,1,1,0,"yes"
"Human","Q16832","1 - high confidence","Discoidin domain-containing receptor 2","DDR2_HUMAN","CD167b",4921,"DDR2","0,9992",8,1,1,0,"yes"
"Human","P08637","1 - high confidence","Low affinity immunoglobulin gamma Fc region receptor III-A","FCG3A_HUMAN","CD16a",2214,"FCGR3A","1",3,1,1,0,"yes"
"Human","O15389","1 - high confidence","Sialic acid-binding Ig-like lectin 5","SIGL5_HUMAN","CD170",8778,"SIGLEC5","1",7,1,1,0,"yes"
"Human","P78324","1 - high confidence","Tyrosine-protein phosphatase non-receptor type substrate 1","SHPS1_HUMAN","CD172a",140885,"SIRPA","1",33,1,1,0,"yes"
"Human","Q9P1W8","1 - high confidence","Signal-regulatory protein gamma","SIRPG_HUMAN","CD172g",55423,"SIRPG","1",2,1,1,0,"yes"
"Human","Q99467","1 - high confidence","CD180 antigen","CD180_HUMAN","CD180",4064,"CD180","1",4,1,1,0,"yes"
"Human","P49682","1 - high confidence","C-X-C chemokine receptor type 3","CXCR3_HUMAN","CD183",2833,"CXCR3","1",3,1,7,0,"yes"
"Human","P15391","1 - high confidence","B-lymphocyte antigen CD19","CD19_HUMAN","CD19",930,"CD19","0,9945",8,1,1,0,"yes"
"Human","P32248","1 - high confidence","C-C chemokine receptor type 7","CCR7_HUMAN","CD197",1236,"CCR7","1",9,1,7,0,"yes"
"Human","P29017","1 - high confidence","T-cell surface glycoprotein CD1c","CD1C_HUMAN","CD1c",911,"CD1C","1",3,1,1,0,"yes"
"Human","P06729","1 - high confidence","T-cell surface antigen CD2","CD2_HUMAN","CD2",914,"CD2","1",5,1,1,0,"yes"
"Human","P41217","1 - high confidence","OX-2 membrane glycoprotein","OX2G_HUMAN","CD200",4345,"CD200","1",17,1,1,0,"yes"
"Human","Q02763","1 - high confidence","Angiopoietin-1 receptor","TIE2_HUMAN","CD202b",7010,"TEK","0,9312",4,1,1,0,"yes"
"Human","P22897","1 - high confidence","Macrophage mannose receptor 1","MRC1_HUMAN","CD206",4360,"MRC1","0,99",1,1,1,0,"yes"
"Human","P20023","1 - high confidence","Complement receptor type 2","CR2_HUMAN","CD21",1380,"CR2","1",7,1,1,0,"yes"
"Human","Q14627","1 - high confidence","Interleukin-13 receptor subunit alpha-2","I13R2_HUMAN","CD213a2",3598,"IL13RA2","1",5,1,1,0,"yes"
"Human","Q13478","1 - high confidence","Interleukin-18 receptor 1","IL18R_HUMAN","CD218a",8809,"IL18R1","1",11,1,1,0,"yes"
"Human","P06213","1 - high confidence","Insulin receptor","INSR_HUMAN","CD220",3643,"INSR","1",28,1,1,0,"yes"
"Human","P11717","1 - high confidence","Cation-independent mannose-6-phosphate receptor","MPRI_HUMAN","CD222",3482,"IGF2R","1",30,1,1,0,"yes"
"Human","Q15762","1 - high confidence","CD226 antigen","CD226_HUMAN","CD226",10666,"CD226","1",5,1,1,0,"yes"
"Human","Q9HBG7","1 - high confidence","T-lymphocyte surface antigen Ly-9","LY9_HUMAN","CD229",4063,"LY9","1",9,1,1,0,"yes"
"Human","P04156","1 - high confidence","Major prion protein","PRIO_HUMAN","CD230",5621,"PRNP","1",46,1,2,1,"yes"
"Human","P50895","1 - high confidence","Basal cell adhesion molecule","BCAM_HUMAN","CD239",4059,"BCAM","0,9942",25,1,1,0,"yes"
"Human","Q9BZW8","1 - high confidence","Natural killer cell receptor 2B4","CD244_HUMAN","CD244",51744,"CD244","1",6,1,1,0,"yes"
"Human","Q07075","2 - putative","Glutamyl aminopeptidase","AMPE_HUMAN","CD249",2028,"ENPEP","1",8,1,1,0,"#N/A"
"Human","P01589","1 - high confidence","Interleukin-2 receptor subunit alpha","IL2RA_HUMAN","CD25",3559,"IL2RA","1",2,1,1,0,"yes"
"Human","Q9Y6Q6","1 - high confidence","Tumor necrosis factor receptor superfamily member 11A","TNR11_HUMAN","CD265",8792,"TNFRSF11A","1",5,1,1,0,"yes"
"Human","O14836","2 - putative","Tumor necrosis factor receptor superfamily member 13B","TR13B_HUMAN","CD267",23495,"TNFRSF13B","0,9898",1,1,1,0,"#N/A"
"Human","Q02223","1 - high confidence","Tumor necrosis factor receptor superfamily member 17","TNR17_HUMAN","CD269",608,"TNFRSF17","1",6,1,1,0,"yes"
"Human","Q7Z6A9","1 - high confidence","B- and T-lymphocyte attenuator","BTLA_HUMAN","CD272",151888,"BTLA","1",4,1,1,0,"yes"
"Human","Q9NZQ7","1 - high confidence","Programmed cell death 1 ligand 1","PD1L1_HUMAN","CD274",29126,"CD274","0,9643",21,1,1,0,"yes"
"Human","Q5ZPR3","1 - high confidence","CD276 antigen","CD276_HUMAN","CD276",80381,"CD276","1",36,1,1,0,"yes"
"Human","P10747","1 - high confidence","T-cell-specific surface glycoprotein CD28","CD28_HUMAN","CD28",940,"CD28","1",4,1,1,0,"yes"
"Human","Q15399","1 - high confidence","Toll-like receptor 1","TLR1_HUMAN","CD281",7096,"TLR1","0,9999",1,1,1,0,"yes"
"Human","O15455","1 - high confidence","Toll-like receptor 3","TLR3_HUMAN","CD283",7098,"TLR3","1",7,1,1,0,"yes"
"Human","Q9NR96","1 - high confidence","Toll-like receptor 9","TLR9_HUMAN","CD289",54106,"TLR9","1",2,0,0,0,"yes"
"Human","Q9Y5Y4","1 - high confidence","Putative G-protein coupled receptor 44","GPR44_HUMAN","CD294",11251,"GPR44","0,9902",4,1,7,0,"yes"
"Human","P54709","1 - high confidence","Sodium/potassium-transporting ATPase subunit beta-3","AT1B3_HUMAN","CD298",483,"ATP1B3","1",45,1,1,0,"yes"
"Human","Q8IX05","1 - high confidence","CD302 antigen","CD302_HUMAN","CD302",9936,"CD302","1",6,1,1,0,"yes"
"Human","Q6GTX8","1 - high confidence","Leukocyte-associated immunoglobulin-like receptor 1","LAIR1_HUMAN","CD305",3903,"LAIR1","1",11,1,1,0,"yes"
"Human","P16284","1 - high confidence","Platelet endothelial cell adhesion molecule","PECA1_HUMAN","CD31",5175,"PECAM1","1",14,1,1,0,"yes"
"Human","Q9P2B2","1 - high confidence","Prostaglandin F2 receptor negative regulator","FPRP_HUMAN","CD315",5738,"PTGFRN","1",30,1,1,0,"yes"
"Human","Q10589","1 - high confidence","Bone marrow stromal antigen 2","BST2_HUMAN","CD317",684,"BST2","1",34,1,1,1,"yes"
"Human","Q9NQ25","1 - high confidence","SLAM family member 7","SLAF7_HUMAN","CD319",57823,"SLAMF7","0,9918",5,1,1,0,"yes"
"Human","Q9Y624","1 - high confidence","Junctional adhesion molecule A","JAM1_HUMAN","CD321",50848,"F11R","1",12,1,1,0,"yes"
"Human","P12830","1 - high confidence","Cadherin-1","CADH1_HUMAN","CD324",999,"CDH1","1",3,1,1,0,"yes"
"Human","P16422","1 - high confidence","Epithelial cell adhesion molecule","EPCAM_HUMAN","CD326",4072,"EPCAM","1",4,1,1,0,"yes"
"Human","Q9Y286","1 - high confidence","Sialic acid-binding Ig-like lectin 7","SIGL7_HUMAN","CD328",27036,"SIGLEC7","1",2,1,1,0,"yes"
"Human","P11362","1 - high confidence","Basic fibroblast growth factor receptor 1","FGFR1_HUMAN","CD331",2260,"FGFR1","1",17,1,1,0,"yes"
"Human","P22607","1 - high confidence","Fibroblast growth factor receptor 3","FGFR3_HUMAN","CD333",2261,"FGFR3","1",2,1,1,0,"yes"
"Human","O14931","1 - high confidence","Natural cytotoxicity triggering receptor 3","NCTR3_HUMAN","CD337",259197,"NCR3","1",1,0,0,0,"yes"
"Human","P28906","1 - high confidence","Hematopoietic progenitor cell antigen CD34","CD34_HUMAN","CD34",947,"CD34","1",3,1,1,0,"yes"
"Human","Q9ULV1","1 - high confidence","Frizzled-4","FZD4_HUMAN","CD344",8322,"FZD4","0,9942",1,1,9,0,"yes"
"Human","P11049","2 - putative","Leukocyte antigen CD37","CD37_HUMAN","CD37",951,"CD37","0,9945",13,1,4,0,"#N/A"
"Human","P49961","2 - putative","Ectonucleoside triphosphate diphosphohydrolase 1","ENTP1_HUMAN","CD39",953,"ENTPD1","1",17,1,2,0,"#N/A"
"Human","P04234","1 - high confidence","T-cell surface glycoprotein CD3 delta chain","CD3D_HUMAN","CD3d",915,"CD3D","1",2,0,0,0,"yes"
"Human","P01730","1 - high confidence","T-cell surface glycoprotein CD4","CD4_HUMAN","CD4",920,"CD4","1",3,1,1,0,"yes"
"Human","P08514","1 - high confidence","Integrin alpha-IIb","ITA2B_HUMAN","CD41",3674,"ITGA2B","0,99",3,1,1,0,"yes"
"Human","P16070","1 - high confidence","CD44 antigen","CD44_HUMAN","CD44",960,"CD44","1",42,1,1,0,"yes"
"Human","P15529","1 - high confidence","Membrane cofactor protein","MCP_HUMAN","CD46",4179,"CD46","1",37,1,1,0,"yes"
"Human","P09326","1 - high confidence","CD48 antigen","CD48_HUMAN","CD48",962,"CD48","1",15,1,1,1,"yes"
"Human","P17301","1 - high confidence","Integrin alpha-2","ITA2_HUMAN","CD49b",3673,"ITGA2","1",31,1,1,0,"yes"
"Human","P13612","1 - high confidence","Integrin alpha-4","ITA4_HUMAN","CD49d",3676,"ITGA4","1",30,1,1,0,"yes"
"Human","P23229","1 - high confidence","Integrin alpha-6","ITA6_HUMAN","CD49f",3655,"ITGA6","1",30,1,1,0,"yes"
"Human","P32942","1 - high confidence","Intercellular adhesion molecule 3","ICAM3_HUMAN","CD50",3385,"ICAM3","1",17,1,1,0,"yes"
"Human","P08174","1 - high confidence","Complement decay-accelerating factor","DAF_HUMAN","CD55",1604,"CD55","1",40,0,0,1,"yes"
"Human","P19256","1 - high confidence","Lymphocyte function-associated antigen 3","LFA3_HUMAN","CD58",965,"CD58","1",40,1,1,1,"yes"
"Human","P30203","1 - high confidence","T-cell differentiation antigen CD6","CD6_HUMAN","CD6",923,"CD6","1",5,1,1,0,"yes"
"Human","P14151","1 - high confidence","L-selectin","LYAM1_HUMAN","CD62L",6402,"SELL","1",9,1,1,0,"yes"
"Human","P08962","1 - high confidence","CD63 antigen","CD63_HUMAN","CD63",967,"CD63","1",42,1,4,0,"yes"
"Human","P13688","1 - high confidence","Carcinoembryonic antigen-related cell adhesion molecule 1","CEAM1_HUMAN","CD66a",634,"CEACAM1","1",10,1,1,0,"yes"
"Human","P40199","1 - high confidence","Carcinoembryonic antigen-related cell adhesion molecule 6","CEAM6_HUMAN","CD66c",4680,"CEACAM6","1",1,1,1,1,"yes"
"Human","P04233","1 - high confidence","HLA class II histocompatibility antigen gamma chain","HG2A_HUMAN","CD74",972,"CD74","0,9685",18,1,1,0,"yes"
"Human","P40259","1 - high confidence","B-cell antigen receptor complex-associated protein beta chain","CD79B_HUMAN","CD79b",974,"CD79B","1",7,1,1,0,"yes"
"Human","Q9UIB8","1 - high confidence","SLAM family member 5","SLAF5_HUMAN","CD84",8832,"CD84","1",10,1,1,0,"yes"
"Human","O75019","1 - high confidence","Leukocyte immunoglobulin-like receptor subfamily A member 1","LIRA1_HUMAN","CD85i",11024,"LILRA1","1",1,1,1,0,"yes"
"Human","P42081","1 - high confidence","T-lymphocyte activation antigen CD86","CD86_HUMAN","CD86",942,"CD86","1",12,1,1,0,"yes"
"Human","P24071","1 - high confidence","Immunoglobulin alpha Fc receptor","FCAR_HUMAN","CD89",2204,"FCAR","1",2,1,1,0,"yes"
"Human","Q07954","1 - high confidence","Prolow-density lipoprotein receptor-related protein 1","LRP1_HUMAN","CD91",4035,"LRP1","1",28,1,1,0,"yes"
"Human","P25445","1 - high confidence","Tumor necrosis factor receptor superfamily member 6","TNR6_HUMAN","CD95",355,"FAS","1",24,1,1,0,"yes"
"Human","P48960","1 - high confidence","CD97 antigen","CD97_HUMAN","CD97",976,"CD97","1",42,1,7,0,"yes"
"Human","Q13651","1 - high confidence","Interleukin-10 receptor subunit alpha","I10R1_HUMAN","CDw210a",3587,"IL10RA","1",5,1,1,0,"yes"
"Human","O00451","1 - high confidence","GDNF family receptor alpha-2","GFRA2_HUMAN","no",2675,"GFRA2","1",2,0,0,1,"yes"
"Human","P01871","1 - high confidence","Ig mu chain C region","IGHM_HUMAN","no",3507,"IGHM","1",11,0,0,0,"yes"
"Human","P05186","1 - high confidence","Alkaline phosphatase, tissue-nonspecific isozyme","PPBT_HUMAN","no",249,"ALPL","1",8,0,0,1,"yes"
"Human","P06733","1 - high confidence","Alpha-enolase","ENOA_HUMAN","no",2023,"ENO1","1",14,0,0,0,"yes"
"Human","P21796","1 - high confidence","Voltage-dependent anion-selective channel protein 1","VDAC1_HUMAN","no",7416,"VDAC1","1",19,0,0,0,"yes"
"Human","P55290","1 - high confidence","Cadherin-13","CAD13_HUMAN","no",1012,"CDH13","1",19,0,0,1,"yes"
"Human","Q12891","1 - high confidence","Hyaluronidase-2","HYAL2_HUMAN","no",8692,"HYAL2","1",10,0,0,1,"yes"
"Human","Q14982","1 - high confidence","Opioid-binding protein/cell adhesion molecule","OPCM_HUMAN","no",4978,"OPCML","1",4,0,0,1,"yes"
"Human","Q9BZR6","1 - high confidence","Reticulon-4 receptor","RTN4R_HUMAN","no",65078,"RTN4R","1",15,0,0,1,"yes"
"Human","Q9Y2I2","1 - high confidence","Netrin-G1","NTNG1_HUMAN","no",22854,"NTNG1","1",6,0,0,1,"yes"
"Human","P51148","1 - high confidence","Ras-related protein Rab-5C","RAB5C_HUMAN","no",5878,"RAB5C","0,9994",7,0,0,0,"yes"
"Human","Q9BZM4","1 - high confidence","NKG2D ligand 3","N2DL3_HUMAN","no",79465,"ULBP3","0,9952",2,0,0,1,"yes"
"Human","P04632","1 - high confidence","Calpain small subunit 1","CPNS1_HUMAN","no",826,"CAPNS1","0,9938",3,0,0,0,"yes"
"Human","P20827","1 - high confidence","Ephrin-A1","EFNA1_HUMAN","no",1942,"EFNA1","0,992",1,0,0,1,"yes"
"Human","Q9H9S5","1 - high confidence","Fukutin-related protein","FKRP_HUMAN","no",79147,"FKRP","0,9904",10,0,0,0,"yes"
"Human","P06276","1 - high confidence","Cholinesterase","CHLE_HUMAN","no",590,"BCHE","1",2,0,0,0,"yes"
"Human","A6NGN9","1 - high confidence","IgLON family member 5","IGLO5_HUMAN","no",402665,"IGLON5","1",2,0,0,0,"yes"
"Human","O00468","1 - high confidence","Agrin","AGRIN_HUMAN","no",375790,"AGRN","1",14,0,0,0,"yes"
"Human","O43852","1 - high confidence","Calumenin","CALU_HUMAN","no",813,"CALU","1",22,0,0,0,"yes"
"Human","O94813","1 - high confidence","Slit homolog 2 protein","SLIT2_HUMAN","no",9353,"SLIT2","1",8,0,0,0,"yes"
"Human","P00450","1 - high confidence","Ceruloplasmin","CERU_HUMAN","no",1356,"CP","1",6,0,0,0,"yes"
"Human","P01024","1 - high confidence","Complement C3","CO3_HUMAN","no",718,"C3","1",4,0,0,0,"yes"
"Human","P01137","1 - high confidence","Transforming growth factor beta-1","TGFB1_HUMAN","no",7040,"TGFB1","1",13,0,0,0,"yes"
"Human","P01859","1 - high confidence","Ig gamma-2 chain C region","IGHG2_HUMAN","no",3501,"IGHG2","1",5,0,0,0,"yes"
"Human","P02751","1 - high confidence","Fibronectin","FINC_HUMAN","no",2335,"FN1","1",25,0,0,0,"yes"
"Human","P02790","1 - high confidence","Hemopexin","HEMO_HUMAN","no",3263,"HPX","1",13,0,0,0,"yes"
"Human","P04114","1 - high confidence","Apolipoprotein B-100","APOB_HUMAN","no",338,"APOB","1",1,0,0,0,"yes"
"Human","P05090","1 - high confidence","Apolipoprotein D","APOD_HUMAN","no",347,"APOD","1",3,0,0,0,"yes"
"Human","P06744","1 - high confidence","Glucose-6-phosphate isomerase","G6PI_HUMAN","no",2821,"GPI","1",13,0,0,0,"yes"
"Human","P07585","1 - high confidence","Decorin","PGS2_HUMAN","no",1634,"DCN","1",4,0,0,0,"yes"
"Human","P10645","1 - high confidence","Chromogranin-A","CMGA_HUMAN","no",1113,"CHGA","1",1,0,0,0,"yes"
"Human","P11047","1 - high confidence","Laminin subunit gamma-1","LAMC1_HUMAN","no",3915,"LAMC1","1",29,0,0,0,"yes"
"Human","P12814","1 - high confidence","Alpha-actinin-1","ACTN1_HUMAN","no",87,"ACTN1","1",3,0,0,0,"yes"
"Human","P17936","1 - high confidence","Insulin-like growth factor-binding protein 3","IBP3_HUMAN","no",3486,"IGFBP3","1",7,0,0,0,"yes"
"Human","P24043","1 - high confidence","Laminin subunit alpha-2","LAMA2_HUMAN","no",3908,"LAMA2","1",4,0,0,0,"yes"
"Human","P25391","1 - high confidence","Laminin subunit alpha-1","LAMA1_HUMAN","no",284217,"LAMA1","1",8,0,0,0,"yes"
"Human","P27169","1 - high confidence","Serum paraoxonase/arylesterase 1","PON1_HUMAN","no",5444,"PON1","1",7,0,0,0,"yes"
"Human","P28300","1 - high confidence","Protein-lysine 6-oxidase","LYOX_HUMAN","no",4015,"LOX","1",8,0,0,0,"yes"
"Human","P35555","1 - high confidence","Fibrillin-1","FBN1_HUMAN","no",2200,"FBN1","1",13,0,0,0,"yes"
"Human","P41221","1 - high confidence","Protein Wnt-5a","WNT5A_HUMAN","no",7474,"WNT5A","1",16,0,0,0,"yes"
"Human","P47972","1 - high confidence","Neuronal pentraxin-2","NPTX2_HUMAN","no",4885,"NPTX2","1",2,0,0,0,"yes"
"Human","P51888","1 - high confidence","Prolargin","PRELP_HUMAN","no",5549,"PRELP","1",1,0,0,0,"yes"
"Human","P55268","1 - high confidence","Laminin subunit beta-2","LAMB2_HUMAN","no",3913,"LAMB2","1",3,0,0,0,"yes"
"Human","P67809","1 - high confidence","Nuclease-sensitive element-binding protein 1","YBOX1_HUMAN","no",4904,"YBX1","1",15,0,0,0,"yes"
"Human","Q08380","1 - high confidence","Galectin-3-binding protein","LG3BP_HUMAN","no",3959,"LGALS3BP","1",31,0,0,0,"yes"
"Human","Q11201","1 - high confidence","CMP-N-acetylneuraminate-beta-galactosamide-alpha-2,3-sialyltransferase 1","SIA4A_HUMAN","no",6482,"ST3GAL1","1",14,0,0,0,"yes"
"Human","Q12841","1 - high confidence","Follistatin-related protein 1","FSTL1_HUMAN","no",11167,"FSTL1","1",9,0,0,0,"yes"
"Human","Q13361","1 - high confidence","Microfibrillar-associated protein 5","MFAP5_HUMAN","no",8076,"MFAP5","1",1,0,0,0,"yes"
"Human","Q13753","1 - high confidence","Laminin subunit gamma-2","LAMC2_HUMAN","no",3918,"LAMC2","1",3,0,0,0,"yes"
"Human","Q14766","1 - high confidence","Latent-transforming growth factor beta-binding protein 1","LTBP1_HUMAN","no",4052,"LTBP1","1",6,0,0,0,"yes"
"Human","Q16363","1 - high confidence","Laminin subunit alpha-4","LAMA4_HUMAN","no",3910,"LAMA4","1",17,0,0,0,"yes"
"Human","Q32P28","1 - high confidence","Prolyl 3-hydroxylase 1","P3H1_HUMAN","no",64175,"LEPRE1","1",13,0,0,0,"yes"
"Human","Q6P4A8","1 - high confidence","Putative phospholipase B-like 1","PLBL1_HUMAN","no",79887,"PLBD1","1",2,0,0,0,"yes"
"Human","Q7Z7G0","1 - high confidence","Target of Nesh-SH3","TARSH_HUMAN","no",25890,"ABI3BP","1",2,0,0,0,"yes"
"Human","Q92626","1 - high confidence","Peroxidasin homolog","PXDN_HUMAN","no",7837,"PXDN","1",7,0,0,0,"yes"
"Human","Q96RW7","1 - high confidence","Hemicentin-1","HMCN1_HUMAN","no",83872,"HMCN1","1",2,0,0,0,"yes"
"Human","Q9BXX0","1 - high confidence","EMILIN-2","EMIL2_HUMAN","no",84034,"EMILIN2","1",1,0,0,0,"yes"
"Human","Q9NR99","1 - high confidence","Matrix-remodeling-associated protein 5","MXRA5_HUMAN","no",25878,"MXRA5","1",2,0,0,0,"yes"
"Human","Q9Y2E5","1 - high confidence","Epididymis-specific alpha-mannosidase","MA2B2_HUMAN","no",23324,"MAN2B2","1",1,0,0,0,"yes"
"Human","Q9Y6C2","1 - high confidence","EMILIN-1","EMIL1_HUMAN","no",11117,"EMILIN1","1",13,0,0,0,"yes"
"Human","P02787","1 - high confidence","Serotransferrin","TRFE_HUMAN","no",7018,"TF","0,9999",6,0,0,0,"yes"
"Human","P04003","1 - high confidence","C4b-binding protein alpha chain","C4BPA_HUMAN","no",722,"C4BPA","0,9981",1,0,0,0,"yes"
"Human","P01011","1 - high confidence","Alpha-1-antichymotrypsin","AACT_HUMAN","no",12,"SERPINA3","0,9975",2,0,0,0,"yes"
"Human","P10646","1 - high confidence","Tissue factor pathway inhibitor","TFPI1_HUMAN","no",7035,"TFPI","0,9972",20,0,0,0,"yes"
"Human","Q14563","1 - high confidence","Semaphorin-3A","SEM3A_HUMAN","no",10371,"SEMA3A","0,9972",5,0,0,0,"yes"
"Human","Q9Y646","1 - high confidence","Plasma glutamate carboxypeptidase","PGCP_HUMAN","no",10404,"PGCP","0,9972",3,0,0,0,"yes"
"Human","P48307","1 - high confidence","Tissue factor pathway inhibitor 2","TFPI2_HUMAN","no",7980,"TFPI2","0,997",7,0,0,0,"yes"
"Human","O14498","1 - high confidence","Immunoglobulin superfamily containing leucine-rich repeat protein","ISLR_HUMAN","no",3671,"ISLR","0,9967",2,0,0,0,"yes"
"Human","P00734","1 - high confidence","Prothrombin","THRB_HUMAN","no",2147,"F2","0,9967",10,0,0,0,"yes"
"Human","Q6ZMP0","1 - high confidence","Thrombospondin type-1 domain-containing protein 4","THSD4_HUMAN","no",79875,"THSD4","0,9967",1,0,0,0,"yes"
"Human","O00300","1 - high confidence","Tumor necrosis factor receptor superfamily member 11B","TR11B_HUMAN","no",4982,"TNFRSF11B","0,9966",1,0,0,0,"yes"
"Human","O95841","1 - high confidence","Angiopoietin-related protein 1","ANGL1_HUMAN","no",9068,"ANGPTL1","0,9964",1,0,0,0,"yes"
"Human","O75629","1 - high confidence","Protein CREG1","CREG1_HUMAN","no",8804,"CREG1","0,9957",5,0,0,0,"yes"
"Human","Q6UXH1","1 - high confidence","Cysteine-rich with EGF-like domain protein 2","CREL2_HUMAN","no",79174,"CRELD2","0,9957",3,0,0,0,"yes"
"Human","P01033","1 - high confidence","Metalloproteinase inhibitor 1","TIMP1_HUMAN","no",7076,"TIMP1","0,9956",27,0,0,0,"yes"
"Human","Q96JB6","1 - high confidence","Lysyl oxidase homolog 4","LOXL4_HUMAN","no",84171,"LOXL4","0,9956",1,0,0,0,"yes"
"Human","O75094","1 - high confidence","Slit homolog 3 protein","SLIT3_HUMAN","no",6586,"SLIT3","0,9952",9,0,0,0,"yes"
"Human","Q68BL7","1 - high confidence","Olfactomedin-like protein 2A","OLM2A_HUMAN","no",169611,"OLFML2A","0,9952",1,0,0,0,"yes"
"Human","P55058","1 - high confidence","Phospholipid transfer protein","PLTP_HUMAN","no",5360,"PLTP","0,9946",17,0,0,0,"yes"
"Human","Q76M96","1 - high confidence","Coiled-coil domain-containing protein 80","CCD80_HUMAN","no",151887,"CCDC80","0,9945",2,0,0,0,"yes"
"Human","P01009","1 - high confidence","Alpha-1-antitrypsin","A1AT_HUMAN","no",5265,"SERPINA1","0,9942",6,0,0,0,"yes"
"Human","P20774","1 - high confidence","Mimecan","MIME_HUMAN","no",4969,"OGN","0,9942",1,0,0,0,"yes"
"Human","Q9BXN1","1 - high confidence","Asporin","ASPN_HUMAN","no",54829,"ASPN","0,9942",1,0,0,0,"yes"
"Human","P01861","1 - high confidence","Ig gamma-4 chain C region","IGHG4_HUMAN","no",3503,"IGHG4","0,9939",4,0,0,0,"yes"
"Human","Q9UJJ9","1 - high confidence","N-acetylglucosamine-1-phosphotransferase subunit gamma","GNPTG_HUMAN","no",84572,"GNPTG","0,9939",1,0,0,0,"yes"
"Human","P02675","1 - high confidence","Fibrinogen beta chain [Cleaved into: Fibrinopeptide B]","FIBB_HUMAN","no",2244,"FGB","0,9934",21,0,0,0,"yes"
"Human","P02671","1 - high confidence","Fibrinogen alpha chain [Cleaved into: Fibrinopeptide A]","FIBA_HUMAN","no",2243,"FGA","0,9918",5,0,0,0,"yes"
"Human","Q66K79","1 - high confidence","Carboxypeptidase Z","CBPZ_HUMAN","no",8532,"CPZ","0,9906",2,0,0,0,"yes"
"Human","Q9H741","1 - high confidence","UPF0454 protein C12orf49","CL049_HUMAN","no",79794,"C12orf49","0,9905",3,0,0,0,"yes"
"Human","Q15517","1 - high confidence","Corneodesmosin","CDSN_HUMAN","no",1041,"CDSN","0,9901",10,0,0,0,"yes"
"Human","P02763","1 - high confidence","Alpha-1-acid glycoprotein 1","A1AG1_HUMAN","no",5004,"ORM1","0,9877",4,0,0,0,"yes"
"Human","Q8IUX7","1 - high confidence","Adipocyte enhancer-binding protein 1","AEBP1_HUMAN","no",165,"AEBP1","0,9872",4,0,0,0,"yes"
"Human","Q9P2M7","1 - high confidence","Cingulin","CING_HUMAN","no",57530,"CGN","0,9803",2,0,0,0,"yes"
"Human","O96014","1 - high confidence","Protein Wnt-11","WNT11_HUMAN","no",7481,"WNT11","0,9751",1,0,0,0,"yes"
"Human","Q96EE4","1 - high confidence","Coiled-coil domain-containing protein 126","CC126_HUMAN","no",90693,"CCDC126","0,9708",10,0,0,0,"yes"
"Human","P00750","1 - high confidence","Tissue-type plasminogen activator","TPA_HUMAN","no",5327,"PLAT","0,9432",3,0,0,0,"yes"
"Human","Q9BXJ5","1 - high confidence","Complement C1q tumor necrosis factor-related protein 2","C1QT2_HUMAN","no",114898,"C1QTNF2","0,9041",2,0,0,0,"yes"
"Human","P49767","1 - high confidence","Vascular endothelial growth factor C","VEGFC_HUMAN","no",7424,"VEGFC","0,8412",1,0,0,0,"yes"
"Human","P61978","1 - high confidence","Heterogeneous nuclear ribonucleoprotein K","HNRPK_HUMAN","no",3190,"HNRNPK","1",19,0,0,0,"yes"
"Human","Q9UHL4","1 - high confidence","Dipeptidyl peptidase 2","DPP2_HUMAN","no",29952,"DPP7","1",4,0,0,0,"yes"
"Human","P33527","1 - high confidence","Multidrug resistance-associated protein 1","MRP1_HUMAN","no",4363,"ABCC1","1",16,1,16,0,"yes"
"Human","Q9UHW9","1 - high confidence","Solute carrier family 12 member 6","S12A6_HUMAN","no",9990,"SLC12A6","1",24,1,14,0,"yes"
"Human","Q9BXP2","1 - high confidence","Solute carrier family 12 member 9","S12A9_HUMAN","no",56996,"SLC12A9","1",18,1,13,0,"yes"
"Human","P31641","1 - high confidence","Sodium- and chloride-dependent taurine transporter","SC6A6_HUMAN","no",6533,"SLC6A6","1",11,1,12,0,"yes"
"Human","Q9UGH3","1 - high confidence","Solute carrier family 23 member 2","S23A2_HUMAN","no",9962,"SLC23A2","1",6,1,12,0,"yes"
"Human","P58743","1 - high confidence","Prestin","S26A5_HUMAN","no",375611,"SLC26A5","1",1,1,11,0,"yes"
"Human","Q99808","1 - high confidence","Equilibrative nucleoside transporter 1","S29A1_HUMAN","no",2030,"SLC29A1","1",45,1,11,0,"yes"
"Human","Q9Y6M7","1 - high confidence","Sodium bicarbonate cotransporter 3","S4A7_HUMAN","no",9497,"SLC4A7","1",34,1,11,0,"yes"
"Human","Q6UWJ1","1 - high confidence","Transmembrane and coiled-coil domain-containing protein 3","TMCO3_HUMAN","no",55002,"TMCO3","1",2,1,10,0,"yes"
"Human","Q9HD45","1 - high confidence","Transmembrane 9 superfamily member 3","TM9S3_HUMAN","no",56889,"TM9SF3","1",44,1,9,0,"yes"
"Human","P05023","1 - high confidence","Sodium/potassium-transporting ATPase subunit alpha-1","AT1A1_HUMAN","no",476,"ATP1A1","1",12,1,8,0,"yes"
"Human","Q4KMQ2","1 - high confidence","Anoctamin-6","ANO6_HUMAN","no",196527,"ANO6","1",45,1,8,0,"yes"
"Human","O00398","1 - high confidence","Putative P2Y purinoceptor 10","P2Y10_HUMAN","no",27334,"P2RY10","1",3,1,7,0,"yes"
"Human","O95136","1 - high confidence","Sphingosine 1-phosphate receptor 2","S1PR2_HUMAN","no",9294,"S1PR2","1",31,1,7,0,"yes"
"Human","P07550","1 - high confidence","Beta-2 adrenergic receptor","ADRB2_HUMAN","no",154,"ADRB2","1",2,1,7,0,"yes"
"Human","P21731","1 - high confidence","Thromboxane A2 receptor","TA2R_HUMAN","no",6915,"TBXA2R","1",13,1,7,0,"yes"
"Human","P25116","1 - high confidence","Proteinase-activated receptor 1","PAR1_HUMAN","no",2149,"F2R","1",19,1,7,0,"yes"
"Human","P30556","1 - high confidence","Type-1 angiotensin II receptor","AGTR1_HUMAN","no",185,"AGTR1","1",1,1,7,0,"yes"
"Human","P34972","1 - high confidence","Cannabinoid receptor 2","CNR2_HUMAN","no",1269,"CNR2","1",3,1,7,0,"yes"
"Human","Q16602","1 - high confidence","Calcitonin gene-related peptide type 1 receptor","CALRL_HUMAN","no",10203,"CALCRL","1",5,1,7,0,"yes"
"Human","Q86SQ4","1 - high confidence","G-protein coupled receptor 126","GP126_HUMAN","no",57211,"GPR126","1",16,1,7,0,"yes"
"Human","Q8IWK6","1 - high confidence","Probable G-protein coupled receptor 125","GP125_HUMAN","no",166647,"GPR125","1",15,1,7,0,"yes"
"Human","Q96AM1","1 - high confidence","Mas-related G-protein coupled receptor member F","MRGRF_HUMAN","no",116535,"MRGPRF","1",3,1,7,0,"yes"
"Human","Q96RI0","1 - high confidence","Proteinase-activated receptor 4","PAR4_HUMAN","no",9002,"F2RL3","1",1,1,7,0,"yes"
"Human","Q9BY15","1 - high confidence","EGF-like module-containing mucin-like hormone receptor-like 3","EMR3_HUMAN","no",84658,"EMR3","1",1,1,7,0,"yes"
"Human","Q9HBW9","1 - high confidence","EGF, latrophilin and seven transmembrane domain-containing protein 1","ELTD1_HUMAN","no",64123,"ELTD1","1",3,1,7,0,"yes"
"Human","Q9HCU4","1 - high confidence","Cadherin EGF LAG seven-pass G-type receptor 2","CELR2_HUMAN","no",1952,"CELSR2","1",8,1,7,0,"yes"
"Human","Q9NYQ7","1 - high confidence","Cadherin EGF LAG seven-pass G-type receptor 3","CELR3_HUMAN","no",1951,"CELSR3","1",2,1,7,0,"yes"
"Human","Q9Y653","1 - high confidence","G-protein coupled receptor 56","GPR56_HUMAN","no",9289,"GPR56","1",15,1,7,0,"yes"
"Human","P22001","1 - high confidence","Potassium voltage-gated channel subfamily A member 3","KCNA3_HUMAN","no",3738,"KCNA3","1",4,1,6,0,"yes"
"Human","Q15043","1 - high confidence","Zinc transporter ZIP14","S39AE_HUMAN","no",23516,"SLC39A14","1",42,1,6,0,"yes"
"Human","Q9ULF5","1 - high confidence","Zinc transporter ZIP10","S39AA_HUMAN","no",57181,"SLC39A10","1",32,1,6,0,"yes"
"Human","Q8N271","1 - high confidence","Prominin-2","PROM2_HUMAN","no",150696,"PROM2","1",2,1,5,0,"yes"
"Human","Q9C0H2","1 - high confidence","Protein tweety homolog 3","TTYH3_HUMAN","no",80727,"TTYH3","1",24,1,5,0,"yes"
"Human","Q13003","1 - high confidence","Glutamate receptor, ionotropic kainate 3","GRIK3_HUMAN","no",2899,"GRIK3","1",2,1,4,0,"yes"
"Human","Q6P4Q7","1 - high confidence","Metal transporter CNNM4","CNNM4_HUMAN","no",26504,"CNNM4","1",35,1,4,0,"yes"
"Human","Q96PD2","1 - high confidence","Discoidin, CUB and LCCL domain-containing protein 2","DCBD2_HUMAN","no",131566,"DCBLD2","1",18,1,3,0,"yes"
"Human","O43155","1 - high confidence","Leucine-rich repeat transmembrane protein FLRT2","FLRT2_HUMAN","no",23768,"FLRT2","1",9,1,2,0,"yes"
"Human","P23470","1 - high confidence","Receptor-type tyrosine-protein phosphatase gamma","PTPRG_HUMAN","no",5793,"PTPRG","1",21,1,2,0,"yes"
"Human","P54756","1 - high confidence","Ephrin type-A receptor 5","EPHA5_HUMAN","no",2044,"EPHA5","1",5,1,2,0,"yes"
"Human","Q8IYR6","1 - high confidence","Tomoregulin-1","TEFF1_HUMAN","no",8577,"TMEFF1","1",1,1,2,0,"yes"
"Human","Q9BRN9","1 - high confidence","TM2 domain-containing protein 3","TM2D3_HUMAN","no",80213,"TM2D3","1",11,1,2,0,"yes"
"Human","A8MVW5","1 - high confidence","HEPACAM family member 2","HECA2_HUMAN","no",253012,"HEPACAM2","1",1,1,1,0,"yes"
"Human","O00533","1 - high confidence","Neural cell adhesion molecule L1-like protein","CHL1_HUMAN","no",10752,"CHL1","1",4,1,1,0,"yes"
"Human","O14917","1 - high confidence","Protocadherin-17","PCD17_HUMAN","no",27253,"PCDH17","1",2,1,1,0,"yes"
"Human","O15394","1 - high confidence","Neural cell adhesion molecule 2","NCAM2_HUMAN","no",4685,"NCAM2","1",9,1,1,0,"yes"
"Human","O60330","1 - high confidence","Protocadherin gamma-A12","PCDGC_HUMAN","no",26025,"PCDHGA12","1",2,1,1,0,"yes"
"Human","O75054","1 - high confidence","Immunoglobulin superfamily member 3","IGSF3_HUMAN","no",3321,"IGSF3","1",24,1,1,0,"yes"
"Human","O75976","1 - high confidence","Carboxypeptidase D","CBPD_HUMAN","no",1362,"CPD","1",18,1,1,0,"yes"
"Human","O95185","1 - high confidence","Netrin receptor UNC5C","UNC5C_HUMAN","no",8633,"UNC5C","1",6,1,1,0,"yes"
"Human","O95274","1 - high confidence","Ly6/PLAUR domain-containing protein 3","LYPD3_HUMAN","no",27076,"LYPD3","1",7,1,1,1,"yes"
"Human","O95498","1 - high confidence","Vascular non-inflammatory molecule 2","VNN2_HUMAN","no",8875,"VNN2","1",6,1,1,1,"yes"
"Human","P00533","1 - high confidence","Epidermal growth factor receptor","EGFR_HUMAN","no",1956,"EGFR","1",27,1,1,0,"yes"
"Human","P01889","1 - high confidence","HLA class I histocompatibility antigen, B-7 alpha chain","1B07_HUMAN","no",3106,"HLA-B","1",8,1,1,0,"yes"
"Human","P01892","1 - high confidence","HLA class I histocompatibility antigen, A-2 alpha chain","1A02_HUMAN","no",3105,"HLA-A","1",21,1,1,0,"yes"
"Human","P01906","1 - high confidence","HLA class II histocompatibility antigen, DQ alpha 2 chain","2DA2_HUMAN","no",3118,"HLA-DQA2","1",1,1,1,0,"yes"
"Human","P01911","1 - high confidence","HLA class II histocompatibility antigen, DRB1-15 beta chain","2B1F_HUMAN","no",3123,"HLA-DRB1","1",4,1,1,0,"yes"
"Human","P01920","1 - high confidence","HLA class II histocompatibility antigen, DQ beta 1 chain","DQB1_HUMAN","no",3119,"HLA-DQB1","1",10,1,1,0,"yes"
"Human","P04222","1 - high confidence","HLA class I histocompatibility antigen, Cw-3 alpha chain","1C03_HUMAN","no",3107,"HLA-C","1",21,1,1,0,"yes"
"Human","P04439","1 - high confidence","HLA class I histocompatibility antigen, A-3 alpha chain","1A03_HUMAN","no",3105,"HLA-A","1",10,1,1,0,"yes"
"Human","P04629","1 - high confidence","High affinity nerve growth factor receptor","NTRK1_HUMAN","no",4914,"NTRK1","1",5,1,1,0,"yes"
"Human","P05534","1 - high confidence","HLA class I histocompatibility antigen, A-24 alpha chain","1A24_HUMAN","no",3105,"HLA-A","1",11,1,1,0,"yes"
"Human","P09758","1 - high confidence","Tumor-associated calcium signal transducer 2","TACD2_HUMAN","no",4070,"TACSTD2","1",3,1,1,0,"yes"
"Human","P10314","1 - high confidence","HLA class I histocompatibility antigen, A-32 alpha chain","1A32_HUMAN","no",3105,"HLA-A","1",1,1,1,0,"yes"
"Human","P10321","1 - high confidence","HLA class I histocompatibility antigen, Cw-7 alpha chain","1C07_HUMAN","no",3107,"HLA-C","1",5,1,1,0,"yes"
"Human","P13746","1 - high confidence","HLA class I histocompatibility antigen, A-11 alpha chain","1A11_HUMAN","no",3105,"HLA-A","1",11,1,1,0,"yes"
"Human","P13760","1 - high confidence","HLA class II histocompatibility antigen, DRB1-4 beta chain","2B14_HUMAN","no",3123,"HLA-DRB1","1",7,1,1,0,"yes"
"Human","P14384","1 - high confidence","Carboxypeptidase M","CBPM_HUMAN","no",1368,"CPM","1",22,1,1,1,"yes"
"Human","P14679","1 - high confidence","Tyrosinase","TYRO_HUMAN","no",7299,"TYR","1",2,1,1,0,"yes"
"Human","P16066","1 - high confidence","Atrial natriuretic peptide receptor 1","ANPRA_HUMAN","no",4881,"NPR1","1",1,1,1,0,"yes"
"Human","P16444","1 - high confidence","Dipeptidase 1","DPEP1_HUMAN","no",1800,"DPEP1","1",4,1,1,1,"yes"
"Human","P17643","1 - high confidence","5,6-dihydroxyindole-2-carboxylic acid oxidase","TYRP1_HUMAN","no",7306,"TYRP1","1",2,1,1,0,"yes"
"Human","P18433","1 - high confidence","Receptor-type tyrosine-protein phosphatase alpha","PTPRA_HUMAN","no",5786,"PTPRA","1",1,1,1,0,"yes"
"Human","P18464","1 - high confidence","HLA class I histocompatibility antigen, B-51 alpha chain","1B51_HUMAN","no",3106,"HLA-B","1",4,1,1,0,"yes"
"Human","P20036","1 - high confidence","HLA class II histocompatibility antigen, DP alpha 1 chain","DPA1_HUMAN","no",3113,"HLA-DPA1","1",23,1,1,0,"yes"
"Human","P21709","1 - high confidence","Ephrin type-A receptor 1","EPHA1_HUMAN","no",2041,"EPHA1","1",2,1,1,0,"yes"
"Human","P22413","1 - high confidence","Ectonucleotide pyrophosphatase/phosphodiesterase family member 1","ENPP1_HUMAN","no",5167,"ENPP1","1",20,1,1,0,"yes"
"Human","P23471","1 - high confidence","Receptor-type tyrosine-protein phosphatase zeta","PTPRZ_HUMAN","no",5803,"PTPRZ1","1",5,1,1,0,"yes"
"Human","P26012","1 - high confidence","Integrin beta-8","ITB8_HUMAN","no",3696,"ITGB8","1",10,1,1,0,"yes"
"Human","P27037","1 - high confidence","Activin receptor type-2A","AVR2A_HUMAN","no",92,"ACVR2A","1",5,1,1,0,"yes"
"Human","P29317","1 - high confidence","Ephrin type-A receptor 2","EPHA2_HUMAN","no",1969,"EPHA2","1",26,1,1,0,"yes"
"Human","P29323","1 - high confidence","Ephrin type-B receptor 2","EPHB2_HUMAN","no",2048,"EPHB2","1",28,1,1,0,"yes"
"Human","P30453","1 - high confidence","HLA class I histocompatibility antigen, A-34 alpha chain","1A34_HUMAN","no",3105,"HLA-A","1",1,1,1,0,"yes"
"Human","P30460","1 - high confidence","HLA class I histocompatibility antigen, B-8 alpha chain","1B08_HUMAN","no",3106,"HLA-B","1",2,1,1,0,"yes"
"Human","P30464","1 - high confidence","HLA class I histocompatibility antigen, B-15 alpha chain","1B15_HUMAN","no",3106,"HLA-B","1",19,1,1,0,"yes"
"Human","P30481","1 - high confidence","HLA class I histocompatibility antigen, B-44 alpha chain","1B44_HUMAN","no",3106,"HLA-B","1",7,1,1,0,"yes"
"Human","P30485","1 - high confidence","HLA class I histocompatibility antigen, B-47 alpha chain","1B47_HUMAN","no",3106,"HLA-B","1",3,1,1,0,"yes"
"Human","P30498","1 - high confidence","HLA class I histocompatibility antigen, B-78 alpha chain","1B78_HUMAN","no",3106,"HLA-B","1",3,1,1,0,"yes"
"Human","P30510","1 - high confidence","HLA class I histocompatibility antigen, Cw-14 alpha chain","1C14_HUMAN","no",3107,"HLA-C","1",2,1,1,0,"yes"
"Human","P30512","1 - high confidence","HLA class I histocompatibility antigen, A-29 alpha chain","1A29_HUMAN","no",3105,"HLA-A","1",2,1,1,0,"yes"
"Human","P30685","1 - high confidence","HLA class I histocompatibility antigen, B-35 alpha chain","1B35_HUMAN","no",3106,"HLA-B","1",6,1,1,0,"yes"
"Human","P35052","1 - high confidence","Glypican-1 [Cleaved into: Secreted glypican-1]","GPC1_HUMAN","no",2817,"GPC1","1",28,1,1,1,"yes"
"Human","P42892","1 - high confidence","Endothelin-converting enzyme 1","ECE1_HUMAN","no",1889,"ECE1","1",40,1,1,0,"yes"
"Human","P51805","1 - high confidence","Plexin-A3","PLXA3_HUMAN","no",55558,"PLXNA3","1",3,1,1,0,"yes"
"Human","P52799","1 - high confidence","Ephrin-B2","EFNB2_HUMAN","no",1948,"EFNB2","1",6,1,1,0,"yes"
"Human","P54289","1 - high confidence","Voltage-dependent calcium channel subunit alpha-2/delta-1","CA2D1_HUMAN","no",781,"CACNA2D1","1",23,1,1,0,"yes"
"Human","P54762","1 - high confidence","Ephrin type-B receptor 1","EPHB1_HUMAN","no",2047,"EPHB1","1",8,1,1,0,"yes"
"Human","P55285","1 - high confidence","Cadherin-6","CADH6_HUMAN","no",1004,"CDH6","1",11,1,1,0,"yes"
"Human","P56159","1 - high confidence","GDNF family receptor alpha-1","GFRA1_HUMAN","no",2674,"GFRA1","1",10,1,1,1,"yes"
"Human","P78310","1 - high confidence","Coxsackievirus and adenovirus receptor","CXAR_HUMAN","no",1525,"CXADR","1",3,1,1,0,"yes"
"Human","P79483","1 - high confidence","HLA class II histocompatibility antigen, DR beta 3 chain","DRB3_HUMAN","no",3125,"HLA-DRB3","1",7,1,1,0,"yes"
"Human","Q01974","1 - high confidence","Tyrosine-protein kinase transmembrane receptor ROR2","ROR2_HUMAN","no",4920,"ROR2","1",7,1,1,0,"yes"
"Human","Q06418","1 - high confidence","Tyrosine-protein kinase receptor TYRO3","TYRO3_HUMAN","no",7301,"TYRO3","1",17,1,1,0,"yes"
"Human","Q09160","1 - high confidence","HLA class I histocompatibility antigen, A-80 alpha chain","1A80_HUMAN","no",3105,"HLA-A","1",2,1,1,0,"yes"
"Human","Q12864","1 - high confidence","Cadherin-17","CAD17_HUMAN","no",1015,"CDH17","1",1,1,1,0,"yes"
"Human","Q13308","1 - high confidence","Tyrosine-protein kinase-like 7","PTK7_HUMAN","no",5754,"PTK7","1",32,1,1,0,"yes"
"Human","Q13444","1 - high confidence","Disintegrin and metalloproteinase domain-containing protein 15","ADA15_HUMAN","no",8751,"ADAM15","1",21,1,1,0,"yes"
"Human","Q13586","1 - high confidence","Stromal interaction molecule 1","STIM1_HUMAN","no",6786,"STIM1","1",18,1,1,0,"yes"
"Human","Q13683","1 - high confidence","Integrin alpha-7 [Cleaved into: Integrin alpha-7 heavy chain; Integrin alpha-7 light chain]","ITA7_HUMAN","no",3679,"ITGA7","1",9,1,1,0,"yes"
"Human","Q13873","1 - high confidence","Bone morphogenetic protein receptor type-2","BMPR2_HUMAN","no",659,"BMPR2","1",15,1,1,0,"yes"
"Human","Q14126","1 - high confidence","Desmoglein-2","DSG2_HUMAN","no",1829,"DSG2","1",27,1,1,0,"yes"
"Human","Q14517","1 - high confidence","Protocadherin Fat 1","FAT1_HUMAN","no",2195,"FAT1","1",21,1,1,0,"yes"
"Human","Q15262","1 - high confidence","Receptor-type tyrosine-protein phosphatase kappa","PTPRK_HUMAN","no",5796,"PTPRK","1",17,1,1,0,"yes"
"Human","Q16620","1 - high confidence","BDNF/NT-3 growth factors receptor","NTRK2_HUMAN","no",4915,"NTRK2","1",5,1,1,0,"yes"
"Human","Q29983","1 - high confidence","MHC class I polypeptide-related sequence A","MICA_HUMAN","no",4276,"MICA","1",32,1,1,0,"yes"
"Human","Q30154","1 - high confidence","HLA class II histocompatibility antigen, DR beta 5 chain","DRB5_HUMAN","no",3127,"HLA-DRB5","1",5,1,1,0,"yes"
"Human","Q495A1","1 - high confidence","T cell immunoreceptor with Ig and ITIM domains","TIGIT_HUMAN","no",201633,"TIGIT","1",3,1,1,0,"yes"
"Human","Q5IJ48","1 - high confidence","Crumbs homolog 2","CRUM2_HUMAN","no",286204,"CRB2","1",3,1,1,0,"yes"
"Human","Q5SZK8","1 - high confidence","FRAS1-related extracellular matrix protein 2","FREM2_HUMAN","no",341640,"FREM2","1",6,1,1,0,"yes"
"Human","Q6DN72","1 - high confidence","Fc receptor-like protein 6","FCRL6_HUMAN","no",343413,"FCRL6","1",1,1,1,0,"yes"
"Human","Q6IEE7","1 - high confidence","Transmembrane protein 132E","T132E_HUMAN","no",124842,"TMEM132E","1",1,1,1,0,"yes"
"Human","Q6UVK1","1 - high confidence","Chondroitin sulfate proteoglycan 4","CSPG4_HUMAN","no",1464,"CSPG4","1",21,1,1,0,"yes"
"Human","Q6UWB1","1 - high confidence","Interleukin-27 receptor subunit alpha","I27RA_HUMAN","no",9466,"IL27RA","1",10,1,1,0,"yes"
"Human","Q6UX27","1 - high confidence","V-set and transmembrane domain-containing protein 1","VSTM1_HUMAN","no",284415,"VSTM1","1",1,1,1,0,"yes"
"Human","Q6UXD5","1 - high confidence","Seizure 6-like protein 2","SE6L2_HUMAN","no",26470,"SEZ6L2","1",16,1,1,0,"yes"
"Human","Q6ZN44","1 - high confidence","Netrin receptor UNC5A","UNC5A_HUMAN","no",90249,"UNC5A","1",2,1,1,0,"yes"
"Human","Q7KYR7","1 - high confidence","Butyrophilin subfamily 2 member A1","BT2A1_HUMAN","no",11120,"BTN2A1","1",33,1,1,0,"yes"
"Human","Q7Z6M3","1 - high confidence","Probable mast cell antigen 32 homolog","MCA32_HUMAN","no",284021,"MCA32","1",20,1,1,0,"yes"
"Human","Q86T13","1 - high confidence","C-type lectin domain family 14 member A","CLC14_HUMAN","no",161198,"CLEC14A","1",2,1,1,0,"yes"
"Human","Q86YT9","1 - high confidence","Junctional adhesion molecule-like","JAML1_HUMAN","no",120425,"AMICA1","1",2,1,1,0,"yes"
"Human","Q8IZJ1","1 - high confidence","Netrin receptor UNC5B","UNC5B_HUMAN","no",219699,"UNC5B","1",4,1,1,0,"yes"
"Human","Q8N0Z9","1 - high confidence","Ig-like domain-containing protein FLJ20674","YL020_HUMAN","no",54621,"0","1",5,1,1,0,"yes"
"Human","Q8N2Q7","1 - high confidence","Neuroligin-1","NLGN1_HUMAN","no",22871,"NLGN1","1",7,1,1,0,"yes"
"Human","Q8N6Y1","1 - high confidence","Protocadherin-20","PCD20_HUMAN","no",64881,"PCDH20","1",3,1,1,0,"yes"
"Human","Q8NFT8","1 - high confidence","Delta and Notch-like epidermal growth factor-related receptor","DNER_HUMAN","no",92737,"DNER","1",1,1,1,0,"yes"
"Human","Q8TDY8","1 - high confidence","Immunoglobulin superfamily DCC subclass member 4","IGDC4_HUMAN","no",57722,"IGDCC4","1",2,1,1,0,"yes"
"Human","Q8WTV0","1 - high confidence","Scavenger receptor class B member 1","SCRB1_HUMAN","no",949,"SCARB1","1",31,1,1,0,"yes"
"Human","Q92542","1 - high confidence","Nicastrin","NICA_HUMAN","no",23385,"NCSTN","1",33,1,1,0,"yes"
"Human","Q92823","1 - high confidence","Neuronal cell adhesion molecule","NRCAM_HUMAN","no",4897,"NRCAM","1",16,1,1,0,"yes"
"Human","Q95365","1 - high confidence","HLA class I histocompatibility antigen, B-38 alpha chain","1B38_HUMAN","no",0,"HLA-B","1",2,1,1,0,"yes"
"Human","Q96BF3","1 - high confidence","Transmembrane and immunoglobulin domain-containing protein 2","TMIG2_HUMAN","no",126259,"TMIGD2","1",2,1,1,0,"yes"
"Human","Q96GP6","1 - high confidence","Scavenger receptor class F member 2","SREC2_HUMAN","no",91179,"SCARF2","1",4,1,1,0,"yes"
"Human","Q96J84","1 - high confidence","Kin of IRRE-like protein 1","KIRR1_HUMAN","no",55243,"KIRREL","1",27,1,1,0,"yes"
"Human","Q96LA5","1 - high confidence","Fc receptor-like protein 2","FCRL2_HUMAN","no",79368,"FCRL2","1",2,1,1,0,"yes"
"Human","Q96LD1","1 - high confidence","Zeta-sarcoglycan","SGCZ_HUMAN","no",137868,"SGCZ","1",2,1,1,0,"yes"
"Human","Q96PQ0","1 - high confidence","VPS10 domain-containing receptor SorCS2","SORC2_HUMAN","no",57537,"SORCS2","1",3,1,1,0,"yes"
"Human","Q96QU1","1 - high confidence","Protocadherin-15","PCD15_HUMAN","no",65217,"PCDH15","1",1,1,1,0,"yes"
"Human","Q99523","1 - high confidence","Sortilin","SORT_HUMAN","no",6272,"SORT1","1",25,1,1,0,"yes"
"Human","Q9BX67","1 - high confidence","Junctional adhesion molecule C","JAM3_HUMAN","no",83700,"JAM3","1",14,1,1,0,"yes"
"Human","Q9BY67","1 - high confidence","Cell adhesion molecule 1","CADM1_HUMAN","no",23705,"CADM1","1",32,1,1,0,"yes"
"Human","Q9H159","1 - high confidence","Cadherin-19","CAD19_HUMAN","no",28513,"CDH19","1",4,1,1,0,"yes"
"Human","Q9H2A7","1 - high confidence","C-X-C motif chemokine 16","CXL16_HUMAN","no",58191,"CXCL16","1",12,1,1,0,"yes"
"Human","Q9H3S3","1 - high confidence","Transmembrane protease serine 5","TMPS5_HUMAN","no",80975,"TMPRSS5","1",1,1,1,0,"yes"
"Human","Q9H6B4","1 - high confidence","Adipocyte adhesion molecule","ACAM_HUMAN","no",79827,"ACAM","1",22,1,1,0,"yes"
"Human","Q9H7M9","1 - high confidence","Platelet receptor Gi24","GI24_HUMAN","no",64115,"C10orf54","1",6,1,1,0,"yes"
"Human","Q9HC73","1 - high confidence","Cytokine receptor-like factor 2","CRLF2_HUMAN","no",64109,"CRLF2","1",5,1,1,0,"yes"
"Human","Q9HCM2","1 - high confidence","Plexin-A4","PLXA4_HUMAN","no",91584,"PLXNA4","1",1,1,1,0,"yes"
"Human","Q9NPR2","1 - high confidence","Semaphorin-4B","SEM4B_HUMAN","no",10509,"SEMA4B","1",14,1,1,0,"yes"
"Human","Q9NTN9","1 - high confidence","Semaphorin-4G","SEM4G_HUMAN","no",57715,"SEMA4G","1",1,1,1,0,"yes"
"Human","Q9NY25","1 - high confidence","C-type lectin domain family 5 member A","CLC5A_HUMAN","no",23601,"CLEC5A","1",1,1,1,0,"yes"
"Human","Q9NZU1","1 - high confidence","Leucine-rich repeat transmembrane protein FLRT1","FLRT1_HUMAN","no",23769,"FLRT1","1",2,1,1,0,"yes"
"Human","Q9P232","1 - high confidence","Contactin-3","CNTN3_HUMAN","no",5067,"CNTN3","1",2,1,1,1,"yes"
"Human","Q9UGT4","1 - high confidence","Sushi domain-containing protein 2","SUSD2_HUMAN","no",56241,"SUSD2","1",12,1,1,0,"yes"
"Human","Q9UIW2","1 - high confidence","Plexin-A1","PLXA1_HUMAN","no",5361,"PLXNA1","1",41,1,1,0,"yes"
"Human","Q9UKX5","1 - high confidence","Integrin alpha-11","ITA11_HUMAN","no",22801,"ITGA11","1",4,1,1,0,"yes"
"Human","Q9UM44","1 - high confidence","HERV-H LTR-associating protein 2","HHLA2_HUMAN","no",11148,"HHLA2","1",2,1,1,0,"yes"
"Human","Q9UN70","1 - high confidence","Protocadherin gamma-C3","PCDGK_HUMAN","no",5098,"PCDHGC3","1",21,1,1,0,"yes"
"Human","Q9UQC9","1 - high confidence","Calcium-activated chloride channel regulator 2","CLCA2_HUMAN","no",9635,"CLCA2","1",2,1,1,0,"yes"
"Human","Q9Y4D7","1 - high confidence","Plexin-D1","PLXD1_HUMAN","no",23129,"PLXND1","1",25,1,1,0,"yes"
"Human","Q9Y639","1 - high confidence","Neuroplastin","NPTN_HUMAN","no",27020,"NPTN","1",46,1,1,0,"yes"
"Human","Q9Y6N8","1 - high confidence","Cadherin-10","CAD10_HUMAN","no",1008,"CDH10","1",4,1,1,0,"yes"
"Human","Q8IZP9","1 - high confidence","G-protein coupled receptor 64","GPR64_HUMAN","no",10149,"GPR64","0,9999",3,1,8,0,"yes"
"Human","P18465","1 - high confidence","HLA class I histocompatibility antigen, B-57 alpha chain","1B57_HUMAN","no",3106,"HLA-B","0,9999",5,1,1,0,"yes"
"Human","Q04826","1 - high confidence","HLA class I histocompatibility antigen, B-40 alpha chain","1B40_HUMAN","no",3106,"HLA-B","0,9999",2,1,1,0,"yes"
"Human","Q99500","1 - high confidence","Sphingosine 1-phosphate receptor 3","S1PR3_HUMAN","no",1903,"S1PR3","0,9998",7,1,7,0,"yes"
"Human","P30490","1 - high confidence","HLA class I histocompatibility antigen, B-52 alpha chain","1B52_HUMAN","no",3106,"HLA-B","0,9995",1,1,1,0,"yes"
"Human","P13761","1 - high confidence","HLA class II histocompatibility antigen, DRB1-7 beta chain","2B17_HUMAN","no",3123,"HLA-DRB1","0,9993",2,1,1,0,"yes"
"Human","Q9UMF0","1 - high confidence","Intercellular adhesion molecule 5","ICAM5_HUMAN","no",7087,"ICAM5","0,9991",29,1,1,0,"yes"
"Human","Q29960","1 - high confidence","HLA class I histocompatibility antigen, Cw-16 alpha chain","1C16_HUMAN","no",3107,"HLA-C","0,9989",1,1,1,0,"yes"
"Human","Q5VUB5","1 - high confidence","Protein FAM171A1","F1711_HUMAN","no",221061,"FAM171A1","0,9977",15,1,1,0,"yes"
"Human","P50052","1 - high confidence","Type-2 angiotensin II receptor","AGTR2_HUMAN","no",186,"AGTR2","0,9972",2,1,7,0,"yes"
"Human","P23468","1 - high confidence","Receptor-type tyrosine-protein phosphatase delta","PTPRD_HUMAN","no",5789,"PTPRD","0,9972",2,1,1,0,"yes"
"Human","Q4KMG0","1 - high confidence","Cell adhesion molecule-related/down-regulated by oncogenes","CDON_HUMAN","no",50937,"CDON","0,9972",1,1,1,0,"yes"
"Human","Q86WC4","1 - high confidence","Osteopetrosis-associated transmembrane protein 1","OSTM1_HUMAN","no",28962,"OSTM1","0,9972",7,1,1,0,"yes"
"Human","O14495","1 - high confidence","Lipid phosphate phosphohydrolase 3","LPP3_HUMAN","no",8613,"PPAP2B","0,997",1,1,5,0,"yes"
"Human","O95980","1 - high confidence","Reversion-inducing cysteine-rich protein with Kazal motifs","RECK_HUMAN","no",8434,"RECK","0,9969",4,1,1,1,"yes"
"Human","Q8TDW7","1 - high confidence","Protocadherin Fat 3","FAT3_HUMAN","no",120114,"FAT3","0,9969",4,1,1,0,"yes"
"Human","O75051","1 - high confidence","Plexin-A2","PLXA2_HUMAN","no",5362,"PLXNA2","0,9967",5,1,1,0,"yes"
"Human","Q8N386","1 - high confidence","Leucine-rich repeat-containing protein 25","LRC25_HUMAN","no",126364,"LRRC25","0,9967",2,1,1,0,"yes"
"Human","Q7Z4F1","1 - high confidence","Low-density lipoprotein receptor-related protein 10","LRP10_HUMAN","no",26020,"LRP10","0,9964",8,1,1,0,"yes"
"Human","Q9Y5G0","1 - high confidence","Protocadherin gamma-B5","PCDGH_HUMAN","no",56101,"PCDHGB5","0,9963",3,1,1,0,"yes"
"Human","O60279","1 - high confidence","Sushi domain-containing protein 5","SUSD5_HUMAN","no",26032,"SUSD5","0,9962",7,1,1,0,"yes"
"Human","O43184","1 - high confidence","Disintegrin and metalloproteinase domain-containing protein 12","ADA12_HUMAN","no",8038,"ADAM12","0,9957",2,1,1,0,"yes"
"Human","Q16880","1 - high confidence","2-hydroxyacylsphingosine 1-beta-galactosyltransferase","CGT_HUMAN","no",7368,"UGT8","0,9957",4,1,1,0,"yes"
"Human","Q8NFM7","1 - high confidence","Interleukin-17 receptor D","I17RD_HUMAN","no",54756,"IL17RD","0,9957",4,1,1,0,"yes"
"Human","Q969W9","1 - high confidence","Transmembrane prostate androgen-induced protein","PMEPA_HUMAN","no",56937,"PMEPA1","0,9957",1,1,1,0,"yes"
"Human","Q9H013","1 - high confidence","Disintegrin and metalloproteinase domain-containing protein 19","ADA19_HUMAN","no",8728,"ADAM19","0,9957",1,1,1,0,"yes"
"Human","Q9Y5F6","1 - high confidence","Protocadherin gamma-C5","PCDGM_HUMAN","no",56097,"PCDHGC5","0,9957",2,1,1,0,"yes"
"Human","P41595","1 - high confidence","5-hydroxytryptamine receptor 2B","5HT2B_HUMAN","no",3357,"HTR2B","0,9956",2,1,7,0,"yes"
"Human","Q16585","1 - high confidence","Beta-sarcoglycan","SGCB_HUMAN","no",6443,"SGCB","0,9956",14,1,1,0,"yes"
"Human","Q92956","1 - high confidence","Tumor necrosis factor receptor superfamily member 14","TNR14_HUMAN","no",8764,"TNFRSF14","0,9956",1,1,1,0,"yes"
"Human","Q8N766","1 - high confidence","Uncharacterized protein KIAA0090","K0090_HUMAN","no",23065,"KIAA0090","0,9952",28,1,1,0,"yes"
"Human","Q9UHP7","1 - high confidence","C-type lectin domain family 2 member D","CLC2D_HUMAN","no",29121,"CLEC2D","0,9952",10,1,1,0,"yes"
"Human","P30542","1 - high confidence","Adenosine receptor A1","AA1R_HUMAN","no",134,"ADORA1","0,9946",6,1,7,0,"yes"
"Human","Q99788","1 - high confidence","Chemokine receptor-like 1","CML1_HUMAN","no",1240,"CMKLR1","0,9946",1,1,7,0,"yes"
"Human","Q12836","1 - high confidence","Zona pellucida sperm-binding protein 4","ZP4_HUMAN","no",57829,"ZP4","0,9946",1,1,1,0,"yes"
"Human","Q9HB29","1 - high confidence","Interleukin-1 receptor-like 2","ILRL2_HUMAN","no",8808,"IL1RL2","0,9946",2,1,1,0,"yes"
"Human","Q9Y5I2","1 - high confidence","Protocadherin alpha-10","PCDAA_HUMAN","no",56139,"PCDHA10","0,9946",1,1,1,0,"yes"
"Human","O95977","1 - high confidence","Sphingosine 1-phosphate receptor 4","S1PR4_HUMAN","no",8698,"S1PR4","0,9945",10,1,7,0,"yes"
"Human","P05538","1 - high confidence","HLA class II histocompatibility antigen, DQ beta 2 chain","DQB2_HUMAN","no",3120,"HLA-DQB2","0,9945",11,1,1,0,"yes"
"Human","P98164","1 - high confidence","Low-density lipoprotein receptor-related protein 2","LRP2_HUMAN","no",4036,"LRP2","0,9945",2,1,1,0,"yes"
"Human","Q7Z3B1","1 - high confidence","Neuronal growth regulator 1","NEGR1_HUMAN","no",257194,"NEGR1","0,9945",8,1,1,1,"yes"
"Human","Q9Y219","1 - high confidence","Protein jagged-2","JAG2_HUMAN","no",3714,"JAG2","0,9945",5,1,1,0,"yes"
"Human","Q8WY21","1 - high confidence","VPS10 domain-containing receptor SorCS1","SORC1_HUMAN","no",114815,"SORCS1","0,9944",7,1,1,0,"yes"
"Human","P08913","1 - high confidence","Alpha-2A adrenergic receptor","ADA2A_HUMAN","no",150,"ADRA2A","0,9942",1,1,7,0,"yes"
"Human","P35414","1 - high confidence","Apelin receptor","APJ_HUMAN","no",187,"APLNR","0,9942",2,1,7,0,"yes"
"Human","Q687X5","1 - high confidence","Metalloreductase STEAP4","STEA4_HUMAN","no",79689,"STEAP4","0,9942",5,1,6,0,"yes"
"Human","Q9NZR2","1 - high confidence","Low-density lipoprotein receptor-related protein 1B","LRP1B_HUMAN","no",53353,"LRP1B","0,9941",1,1,1,0,"yes"
"Human","P78348","1 - high confidence","Amiloride-sensitive cation channel 2, neuronal","ACCN2_HUMAN","no",41,"ACCN2","0,994",1,1,1,0,"yes"
"Human","Q5VU97","1 - high confidence","VWFA and cache domain-containing protein 1","CAHD1_HUMAN","no",57685,"CACHD1","0,994",3,1,1,0,"yes"
"Human","Q96GX1","1 - high confidence","Tectonic-2","TECT2_HUMAN","no",79867,"TCTN2","0,994",3,1,1,0,"yes"
"Human","O94911","1 - high confidence","ATP-binding cassette sub-family A member 8","ABCA8_HUMAN","no",10351,"ABCA8","0,9936",7,1,14,0,"yes"
"Human","P32241","1 - high confidence","Vasoactive intestinal polypeptide receptor 1","VIPR1_HUMAN","no",7433,"VIPR1","0,9934",4,1,7,0,"yes"
"Human","Q93038","1 - high confidence","Tumor necrosis factor receptor superfamily member 25","TNR25_HUMAN","no",8718,"TNFRSF25","0,9934",1,1,1,0,"yes"
"Human","Q7RTT9","1 - high confidence","Equilibrative nucleoside transporter 4","S29A4_HUMAN","no",222962,"SLC29A4","0,9933",1,1,10,0,"yes"
"Human","Q9H8M5","1 - high confidence","Metal transporter CNNM2","CNNM2_HUMAN","no",54805,"CNNM2","0,9933",13,1,4,0,"yes"
"Human","O60245","1 - high confidence","Protocadherin-7","PCDH7_HUMAN","no",5099,"PCDH7","0,9933",19,1,1,0,"yes"
"Human","O75509","1 - high confidence","Tumor necrosis factor receptor superfamily member 21","TNR21_HUMAN","no",27242,"TNFRSF21","0,9933",4,1,1,0,"yes"
"Human","P52803","1 - high confidence","Ephrin-A5","EFNA5_HUMAN","no",1946,"EFNA5","0,9933",12,1,1,1,"yes"
"Human","Q30201","1 - high confidence","Hereditary hemochromatosis protein","HFE_HUMAN","no",3077,"HFE","0,9933",3,1,1,0,"yes"
"Human","Q86YD3","1 - high confidence","Transmembrane protein 25","TMM25_HUMAN","no",84866,"TMEM25","0,9933",1,1,1,0,"yes"
"Human","Q9NT99","1 - high confidence","Leucine-rich repeat-containing protein 4B","LRC4B_HUMAN","no",94030,"LRRC4B","0,9933",12,1,1,0,"yes"
"Human","Q9C0B5","1 - high confidence","Probable palmitoyltransferase ZDHHC5","ZDHC5_HUMAN","no",25921,"ZDHHC5","0,9928",1,1,4,0,"yes"
"Human","Q15722","1 - high confidence","Leukotriene B4 receptor 1","LT4R1_HUMAN","no",1241,"LTB4R","0,9927",1,1,7,0,"yes"
"Human","Q96RD7","1 - high confidence","Pannexin-1","PANX1_HUMAN","no",24145,"PANX1","0,9926",3,1,4,0,"yes"
"Human","Q9Y561","1 - high confidence","Low-density lipoprotein receptor-related protein 12","LRP12_HUMAN","no",29967,"LRP12","0,9926",1,1,1,0,"yes"
"Human","Q5TF39","1 - high confidence","Sodium-dependent glucose transporter 1","NAGT1_HUMAN","no",91749,"NAGLT1","0,9924",1,1,11,0,"yes"
"Human","P32297","1 - high confidence","Neuronal acetylcholine receptor subunit alpha-3","ACHA3_HUMAN","no",1136,"CHRNA3","0,9924",1,1,4,0,"yes"
"Human","O95754","1 - high confidence","Semaphorin-4F","SEM4F_HUMAN","no",10505,"SEMA4F","0,9924",4,1,1,0,"yes"
"Human","Q95460","1 - high confidence","Major histocompatibility complex class I-related gene protein","HMR1_HUMAN","no",3140,"MR1","0,9921",7,1,1,0,"yes"
"Human","Q8NFJ5","1 - high confidence","Retinoic acid-induced protein 3","RAI3_HUMAN","no",9052,"GPRC5A","0,9919",2,1,7,0,"yes"
"Human","Q9UNW8","1 - high confidence","Probable G-protein coupled receptor 132","GP132_HUMAN","no",29933,"GPR132","0,9918",3,1,7,0,"yes"
"Human","Q96F05","1 - high confidence","Uncharacterized protein C11orf24","CK024_HUMAN","no",53838,"C11orf24","0,9914",1,1,1,0,"yes"
"Human","Q13705","1 - high confidence","Activin receptor type-2B","AVR2B_HUMAN","no",93,"ACVR2B","0,991",1,1,1,0,"yes"
"Human","A6NKC4","1 - high confidence","Putative high affinity immunoglobulin gamma Fc receptor IC","FCGRC_HUMAN","no",100132417,"FCGR1C","0,99",3,1,1,0,"yes"
"Human","O60939","1 - high confidence","Sodium channel subunit beta-2","SCN2B_HUMAN","no",6327,"SCN2B","0,99",1,1,1,0,"yes"
"Human","Q13018","1 - high confidence","Secretory phospholipase A2 receptor","PLA2R_HUMAN","no",22925,"PLA2R1","0,99",1,1,1,0,"yes"
"Human","P25101","1 - high confidence","Endothelin-1 receptor","EDNRA_HUMAN","no",1909,"EDNRA","0,9896",4,1,7,0,"yes"
"Human","Q9ULB4","1 - high confidence","Cadherin-9","CADH9_HUMAN","no",1007,"CDH9","0,9892",1,1,1,0,"yes"
"Human","Q96PE1","1 - high confidence","Probable G-protein coupled receptor 124","GP124_HUMAN","no",25960,"GPR124","0,9888",8,1,7,0,"yes"
"Human","P35590","1 - high confidence","Tyrosine-protein kinase receptor Tie-1","TIE1_HUMAN","no",7075,"TIE1","0,9882",2,1,1,0,"yes"
"Human","P36941","1 - high confidence","Tumor necrosis factor receptor superfamily member 3","TNR3_HUMAN","no",4055,"LTBR","0,9877",26,1,1,0,"yes"
"Human","Q9Y666","1 - high confidence","Solute carrier family 12 member 7","S12A7_HUMAN","no",10723,"SLC12A7","0,9872",1,1,12,0,"yes"
"Human","Q9Y5S1","1 - high confidence","Transient receptor potential cation channel subfamily V member 2","TRPV2_HUMAN","no",51393,"TRPV2","0,9872",1,1,6,0,"yes"
"Human","P55899","1 - high confidence","IgG receptor FcRn large subunit p51","FCGRN_HUMAN","no",2217,"FCGRT","0,9872",3,1,1,0,"yes"
"Human","Q9H3T3","1 - high confidence","Semaphorin-6B","SEM6B_HUMAN","no",10501,"SEMA6B","0,9864",1,1,1,0,"yes"
"Human","P07949","1 - high confidence","Proto-oncogene tyrosine-protein kinase receptor Ret","RET_HUMAN","no",5979,"RET","0,9859",2,1,1,0,"yes"
"Human","P21453","1 - high confidence","Sphingosine 1-phosphate receptor 1","S1PR1_HUMAN","no",1901,"S1PR1","0,9839",7,1,7,0,"yes"
"Human","Q8N8Z6","1 - high confidence","Discoidin, CUB and LCCL domain-containing protein 1","DCBD1_HUMAN","no",285761,"DCBLD1","0,9825",32,1,1,0,"yes"
"Human","P15514","1 - high confidence","Amphiregulin","AREG_HUMAN","no",374,"AREG","0,9814",3,1,1,0,"yes"
"Human","Q6UWI2","1 - high confidence","Prostate androgen-regulated mucin-like protein 1","PARM1_HUMAN","no",25849,"PARM1","0,98",9,1,1,0,"yes"
"Human","P17342","1 - high confidence","Atrial natriuretic peptide receptor 3","ANPRC_HUMAN","no",4883,"NPR3","0,9757",5,1,1,0,"yes"
"Human","P43115","1 - high confidence","Prostaglandin E2 receptor EP3 subtype","PE2R3_HUMAN","no",5733,"PTGER3","0,968",1,1,7,0,"yes"
"Human","Q8J025","1 - high confidence","Protein APCDD1","APCD1_HUMAN","no",147495,"APCDD1","0,9644",3,1,1,0,"yes"
"Human","P09603","1 - high confidence","Macrophage colony-stimulating factor 1","CSF1_HUMAN","no",1435,"CSF1","0,9613",15,1,1,0,"yes"
"Human","Q8N3J6","1 - high confidence","Cell adhesion molecule 2","CADM2_HUMAN","no",253559,"CADM2","0,9556",5,1,1,0,"yes"
"Human","Q86VZ4","1 - high confidence","Low-density lipoprotein receptor-related protein 11","LRP11_HUMAN","no",84918,"LRP11","0,9513",3,1,1,0,"yes"
"Human","Q8IUW5","1 - high confidence","RELT-like protein 1","RELL1_HUMAN","no",768211,"RELL1","0,94",5,1,1,0,"yes"
"Human","P51172","1 - high confidence","Amiloride-sensitive sodium channel subunit delta","SCNND_HUMAN","no",6339,"SCNN1D","0,936",1,1,2,0,"yes"
"Human","Q86XS8","1 - high confidence","Goliath homolog","GOLI_HUMAN","no",55819,"RNF130","0,9217",1,1,2,0,"yes"
"Human","P43119","1 - high confidence","Prostacyclin receptor","PI2R_HUMAN","no",5739,"PTGIR","0,919",3,1,7,0,"yes"
"Human","O94933","1 - high confidence","SLIT and NTRK-like protein 3","SLIK3_HUMAN","no",22865,"SLITRK3","0,9124",1,1,1,0,"yes"
"Human","P56749","1 - high confidence","Claudin-12","CLD12_HUMAN","no",9069,"CLDN12","0,89",1,1,4,0,"yes"
"Human","Q92508","1 - high confidence","Protein FAM38A","FA38A_HUMAN","no",9780,"FAM38A","1",29,1,29,0,"yes"
"Human","Q7L0J3","1 - high confidence","Synaptic vesicle glycoprotein 2A","SV2A_HUMAN","no",9900,"SV2A","1",13,1,12,0,"yes"
"Human","Q6PJF5","1 - high confidence","Rhomboid family member 2","RHDF2_HUMAN","no",79651,"RHBDF2","1",3,1,7,0,"yes"
"Human","P04844","1 - high confidence","Dolichyl-diphosphooligosaccharide--protein glycosyltransferase subunit 2","RPN2_HUMAN","no",6185,"RPN2","1",15,1,3,0,"yes"
"Human","P20645","1 - high confidence","Cation-dependent mannose-6-phosphate receptor","MPRD_HUMAN","no",4074,"M6PR","1",42,1,1,0,"yes"
"Human","Q24JP5","1 - high confidence","Transmembrane protein 132A","T132A_HUMAN","no",54972,"TMEM132A","1",10,1,1,0,"yes"
"Human","Q8WWB7","1 - high confidence","Lysosomal protein NCU-G1","NCUG1_HUMAN","no",112770,"C1orf85","1",13,1,1,0,"yes"
"Human","Q9NS62","1 - high confidence","Thrombospondin type-1 domain-containing protein 1","THSD1_HUMAN","no",55901,"THSD1","1",6,1,1,0,"yes"
"Human","Q9Y3B3","1 - high confidence","Transmembrane emp24 domain-containing protein 7","TMED7_HUMAN","no",51014,"TMED7","1",7,1,1,0,"yes"
"Human","P11117","1 - high confidence","Lysosomal acid phosphatase","PPAL_HUMAN","no",53,"ACP2","1",21,1,1,0,"yes"
"Human","P43307","1 - high confidence","Translocon-associated protein subunit alpha","SSRA_HUMAN","no",6745,"SSR1","1",10,1,1,0,"yes"
"Human","Q10472","1 - high confidence","Polypeptide N-acetylgalactosaminyltransferase 1","GALT1_HUMAN","no",2589,"GALNT1","1",1,1,1,0,"yes"
"Human","Q14314","1 - high confidence","Fibroleukin","FGL2_HUMAN","no",10875,"FGL2","1",3,1,1,0,"yes"
"Human","Q7Z7H5","1 - high confidence","Transmembrane emp24 domain-containing protein 4","TMED4_HUMAN","no",222068,"TMED4","1",25,1,1,0,"yes"
"Human","Q92896","1 - high confidence","Golgi apparatus protein 1","GSLG1_HUMAN","no",2734,"GLG1","1",29,1,1,0,"yes"
"Human","Q9H0V9","1 - high confidence","VIP36-like protein","LMA2L_HUMAN","no",81562,"LMAN2L","1",8,1,1,0,"yes"
"Human","Q9ULI3","1 - high confidence","Protein HEG homolog 1","HEG1_HUMAN","no",57493,"HEG1","1",22,1,1,0,"yes"
"Human","P04843","1 - high confidence","Dolichyl-diphosphooligosaccharide--protein glycosyltransferase subunit 1","RPN1_HUMAN","no",6184,"RPN1","0,9998",29,1,1,0,"yes"
"Human","P08842","1 - high confidence","Steryl-sulfatase","STS_HUMAN","no",412,"STS","0,9967",2,1,2,0,"yes"
"Human","Q9Y287","1 - high confidence","Integral membrane protein 2B","ITM2B_HUMAN","no",9445,"ITM2B","0,9967",2,1,1,0,"yes"
"Human","O15321","1 - high confidence","Transmembrane 9 superfamily member 1","TM9S1_HUMAN","no",10548,"TM9SF1","0,9956",17,1,9,0,"yes"
"Human","P54793","1 - high confidence","Arylsulfatase F","ARSF_HUMAN","no",416,"ARSF","0,9943",1,1,2,0,"yes"
"Human","Q8IUK5","1 - high confidence","Plexin domain-containing protein 1","PXDC1_HUMAN","no",57125,"PLXDC1","0,9941",1,1,1,0,"yes"
"Human","Q9P0T7","1 - high confidence","Transmembrane protein 9","TMEM9_HUMAN","no",252839,"TMEM9","0,9939",13,1,1,0,"yes"
"Human","P56817","1 - high confidence","Beta-secretase 1","BACE1_HUMAN","no",23621,"BACE1","0,9933",1,1,1,0,"yes"
"Human","Q75V66","1 - high confidence","Anoctamin-5","ANO5_HUMAN","no",203859,"ANO5","0,991",1,1,8,0,"yes"
"Human","Q969V3","1 - high confidence","Nicalin","NCLN_HUMAN","no",56926,"NCLN","0,9753",1,1,2,0,"yes"
"Human","Q8N4V1","1 - high confidence","Membrane magnesium transporter 1","MMGT1_HUMAN","no",93380,"MMGT1","0,8675",1,1,1,0,"yes"
"Human","O95477","2 - putative","ATP-binding cassette sub-family A member 1","ABCA1_HUMAN","no",19,"ABCA1","1",18,1,14,0,"#N/A"
"Human","P53794","2 - putative","Sodium/myo-inositol cotransporter","SC5A3_HUMAN","no",6526,"SLC5A3","1",13,1,13,0,"#N/A"
"Human","A7MBM2","2 - putative","Protein dispatched homolog 2","DISP2_HUMAN","no",85455,"DISP2","1",3,1,12,0,"#N/A"
"Human","O15440","2 - putative","Multidrug resistance-associated protein 5","MRP5_HUMAN","no",10057,"ABCC5","1",20,1,12,0,"#N/A"
"Human","O60266","2 - putative","Adenylate cyclase type 3","ADCY3_HUMAN","no",109,"ADCY3","1",16,1,12,0,"#N/A"
"Human","O60779","2 - putative","Thiamine transporter 1","S19A2_HUMAN","no",10560,"SLC19A2","1",28,1,12,0,"#N/A"
"Human","P22732","2 - putative","Solute carrier family 2, facilitated glucose transporter member 5","GTR5_HUMAN","no",6518,"SLC2A5","1",10,1,12,0,"#N/A"
"Human","P48067","2 - putative","Sodium- and chloride-dependent glycine transporter 1","SC6A9_HUMAN","no",6536,"SLC6A9","1",21,1,12,0,"#N/A"
"Human","P55011","2 - putative","Solute carrier family 12 member 2","S12A2_HUMAN","no",6558,"SLC12A2","1",35,1,12,0,"#N/A"
"Human","Q16348","2 - putative","Solute carrier family 15 member 2","S15A2_HUMAN","no",6565,"SLC15A2","1",1,1,12,0,"#N/A"
"Human","Q8NBI5","2 - putative","Solute carrier family 43 member 3","S43A3_HUMAN","no",29015,"SLC43A3","1",31,1,12,0,"#N/A"
"Human","Q9H2J7","2 - putative","Orphan sodium- and chloride-dependent neurotransmitter transporter NTT73","S6A15_HUMAN","no",55117,"SLC6A15","1",8,1,12,0,"#N/A"
"Human","Q9UMX9","2 - putative","Membrane-associated transporter protein","S45A2_HUMAN","no",51151,"SLC45A2","1",1,1,12,0,"#N/A"
"Human","P41440","2 - putative","Folate transporter 1","S19A1_HUMAN","no",6573,"SLC19A1","1",34,1,11,0,"#N/A"
"Human","Q8IZM9","2 - putative","Probable sodium-coupled neutral amino acid transporter 6","S38A6_HUMAN","no",145389,"SLC38A6","1",1,1,11,0,"#N/A"
"Human","Q68DH5","2 - putative","LMBR1 domain-containing protein 2","LMBD2_HUMAN","no",92255,"LMBRD2","1",8,1,10,0,"#N/A"
"Human","Q8IWA5","2 - putative","Choline transporter-like protein 2","CTL2_HUMAN","no",57153,"SLC44A2","1",47,1,10,0,"#N/A"
"Human","P43007","2 - putative","Neutral amino acid transporter A","SATT_HUMAN","no",6509,"SLC1A4","1",43,1,9,0,"#N/A"
"Human","P50443","2 - putative","Sulfate transporter","S26A2_HUMAN","no",1836,"SLC26A2","1",27,1,8,0,"#N/A"
"Human","Q6ZUK4","2 - putative","Transmembrane protein 26","TMM26_HUMAN","no",219623,"TMEM26","1",5,1,7,0,"#N/A"
"Human","Q9C0K1","2 - putative","Zinc transporter ZIP8","S39A8_HUMAN","no",64116,"SLC39A8","1",10,1,6,0,"#N/A"
"Human","O95858","2 - putative","Tetraspanin-15","TSN15_HUMAN","no",23555,"TSPAN15","1",13,1,5,0,"#N/A"
"Human","O43657","2 - putative","Tetraspanin-6","TSN6_HUMAN","no",7105,"TSPAN6","1",20,1,4,0,"#N/A"
"Human","O95857","2 - putative","Tetraspanin-13","TSN13_HUMAN","no",27075,"TSPAN13","1",21,1,4,0,"#N/A"
"Human","P54849","2 - putative","Epithelial membrane protein 1","EMP1_HUMAN","no",2012,"EMP1","1",16,1,4,0,"#N/A"
"Human","Q86UF1","2 - putative","Tetraspanin-33","TSN33_HUMAN","no",340348,"TSPAN33","1",6,1,4,0,"#N/A"
"Human","Q8TDW0","2 - putative","Leucine-rich repeat-containing protein 8C","LRC8C_HUMAN","no",84230,"LRRC8C","1",5,1,4,0,"#N/A"
"Human","Q7Z7N9","2 - putative","Transmembrane protein 179B","T179B_HUMAN","no",374395,"TMEM179B","1",2,1,3,0,"#N/A"
"Human","Q3MIR4","2 - putative","Cell cycle control protein 50B","CC50B_HUMAN","no",161291,"TMEM30B","1",1,1,2,0,"#N/A"
"Human","Q9H813","2 - putative","Transmembrane protein 206","TM206_HUMAN","no",55248,"TMEM206","1",39,1,2,0,"#N/A"
"Human","Q9NV96","2 - putative","Cell cycle control protein 50A","CC50A_HUMAN","no",55754,"TMEM30A","1",34,1,2,0,"#N/A"
"Human","A2RU67","2 - putative","Uncharacterized protein KIAA1467","K1467_HUMAN","no",57613,"KIAA1467","1",6,1,1,0,"#N/A"
"Human","P01850","2 - putative","T-cell receptor beta chain C region","TCB_HUMAN","no",28639,"TRBC1","1",3,1,1,0,"#N/A"
"Human","Q06643","2 - putative","Lymphotoxin-beta","TNFC_HUMAN","no",4050,"LTB","1",2,1,1,0,"#N/A"
"Human","Q68CR1","2 - putative","Protein sel-1 homolog 3","SE1L3_HUMAN","no",23231,"SEL1L3","1",7,1,1,0,"#N/A"
"Human","Q6NSJ0","2 - putative","Uncharacterized family 31 glucosidase KIAA1161","K1161_HUMAN","no",57462,"KIAA1161","1",10,1,1,0,"#N/A"
"Human","Q8NC01","2 - putative","C-type lectin domain family 1 member A","CLC1A_HUMAN","no",51267,"CLEC1A","1",1,1,1,0,"#N/A"
"Human","Q9H0X4","2 - putative","Protein ITFG3","ITFG3_HUMAN","no",83986,"ITFG3","1",46,1,1,0,"#N/A"
"Human","Q9HDC9","2 - putative","Adipocyte plasma membrane-associated protein","APMAP_HUMAN","no",57136,"APMAP","1",26,1,1,0,"#N/A"
"Human","Q9NX62","2 - putative","Inositol monophosphatase 3","IMPA3_HUMAN","no",54928,"IMPAD1","1",13,1,1,0,"#N/A"
"Human","Q9P273","2 - putative","Teneurin-3","TEN3_HUMAN","no",55714,"ODZ3","1",23,1,1,0,"#N/A"
"Human","Q9Y5L3","2 - putative","Ectonucleoside triphosphate diphosphohydrolase 2","ENTP2_HUMAN","no",954,"ENTPD2","1",3,1,1,0,"#N/A"
"Human","Q9Y6H6","2 - putative","Potassium voltage-gated channel subfamily E member 3","KCNE3_HUMAN","no",10008,"KCNE3","1",3,1,1,0,"#N/A"
"Human","O94886","2 - putative","Transmembrane protein 63A","TM63A_HUMAN","no",9725,"TMEM63A","0,9999",4,1,9,0,"#N/A"
"Human","Q9UKU6","2 - putative","Thyrotropin-releasing hormone-degrading ectoenzyme","TRHDE_HUMAN","no",29953,"TRHDE","0,9991",1,1,1,0,"#N/A"
"Human","Q8IYP9","2 - putative","Probable palmitoyltransferase ZDHHC23","ZDH23_HUMAN","no",254887,"ZDHHC23","0,998",1,1,6,0,"#N/A"
"Human","P22314","2 - putative","Ubiquitin-like modifier-activating enzyme 1","UBA1_HUMAN","no",7317,"UBA1","0,9972",3,1,1,0,"#N/A"
"Human","Q12999","2 - putative","Tetraspanin-31","TSN31_HUMAN","no",6302,"TSPAN31","0,9967",3,1,4,0,"#N/A"
"Human","P13866","2 - putative","Sodium/glucose cotransporter 1","SC5A1_HUMAN","no",6523,"SLC5A1","0,996",1,1,14,0,"#N/A"
"Human","Q8NE00","2 - putative","Transmembrane protein 104","TM104_HUMAN","no",54868,"TMEM104","0,9957",1,1,9,0,"#N/A"
"Human","P51788","2 - putative","Chloride channel protein 2","CLCN2_HUMAN","no",1181,"CLCN2","0,9952",7,1,12,0,"#N/A"
"Human","Q99250","2 - putative","Sodium channel protein type 2 subunit alpha","SCN2A_HUMAN","no",6326,"SCN2A","0,9946",3,1,22,0,"#N/A"
"Human","A6NKL6","2 - putative","Transmembrane protein TTMA","TTMA_HUMAN","no",645369,"TTMA","0,9946",3,1,2,0,"#N/A"
"Human","Q04941","2 - putative","Proteolipid protein 2","PLP2_HUMAN","no",5355,"PLP2","0,9943",11,1,4,0,"#N/A"
"Human","Q9BZC7","2 - putative","ATP-binding cassette sub-family A member 2","ABCA2_HUMAN","no",20,"ABCA2","0,994",6,1,14,0,"#N/A"
"Human","Q8NCS7","2 - putative","Choline transporter-like protein 5","CTL5_HUMAN","no",204962,"SLC44A5","0,9934",1,1,9,0,"#N/A"
"Human","Q9P126","2 - putative","C-type lectin domain family 1 member B","CLC1B_HUMAN","no",51266,"CLEC1B","0,9934",2,1,1,0,"#N/A"
"Human","Q6ZS10","2 - putative","C-type lectin and transmembrane domain-containing protein FLJ45910","YS008_HUMAN","no",388512,"0","0,9928",1,1,1,0,"#N/A"
"Human","O75071","2 - putative","EF-hand domain-containing protein KIAA0494","K0494_HUMAN","no",9813,"KIAA0494","0,9924",5,1,1,0,"#N/A"
"Human","Q12767","2 - putative","Uncharacterized protein KIAA0195","K0195_HUMAN","no",9772,"KIAA0195","0,9921",9,1,10,0,"#N/A"
"Human","Q5KU26","2 - putative","Collectin-12","COL12_HUMAN","no",81035,"COLEC12","0,9919",18,1,1,0,"#N/A"
"Human","Q30167","2 - putative","HLA class II histocompatibility antigen, DR-1 beta chain","HB2C_HUMAN","no",0,"0","0,991",2,1,1,0,"#N/A"
"Human","Q96SJ8","2 - putative","Tetraspanin-18","TSN18_HUMAN","no",90139,"TSPAN18","0,9908",2,1,4,0,"#N/A"
"Human","Q7Z402","2 - putative","Transmembrane channel-like protein 7","TMC7_HUMAN","no",79905,"TMC7","0,99",2,1,9,0,"#N/A"
"Human","Q69YZ2","2 - putative","Transmembrane protein 200B","T200B_HUMAN","no",399474,"TMEM200B","0,9893",3,1,2,0,"#N/A"
"Human","Q8IX19","2 - putative","Mast cell-expressed membrane protein 1","MCEM1_HUMAN","no",199675,"MCEMP1","0,9886",1,1,1,0,"#N/A"
"Human","O60636","2 - putative","Tetraspanin-2","TSN2_HUMAN","no",10100,"TSPAN2","0,9872",3,1,4,0,"#N/A"
"Human","P51575","2 - putative","P2X purinoceptor 1","P2RX1_HUMAN","no",5023,"P2RX1","0,9859",2,1,2,0,"#N/A"
"Human","P51828","2 - putative","Adenylate cyclase type 7","ADCY7_HUMAN","no",113,"ADCY7","0,9845",3,1,12,0,"#N/A"
"Human","Q8IZA0","2 - putative","Uncharacterized protein KIAA0319-like","K319L_HUMAN","no",79932,"KIAA0319L","0,9831",7,1,2,0,"#N/A"
"Human","Q01118","2 - putative","Sodium channel protein type 7 subunit alpha","SCN7A_HUMAN","no",6332,"SCN7A","0,9698",2,1,21,0,"#N/A"
"Human","Q8N614","2 - putative","Transmembrane protein 156","TM156_HUMAN","no",80008,"TMEM156","0,96",2,1,2,0,"#N/A"
"Human","O75954","2 - putative","Tetraspanin-9","TSN9_HUMAN","no",10867,"TSPAN9","0,9506",2,1,4,0,"#N/A"
"Human","P56180","2 - putative","Putative tyrosine-protein phosphatase TPTE","TPTE_HUMAN","no",7179,"TPTE","0,904",1,1,4,0,"#N/A"
"Human","P04920","2 - putative","Anion exchange protein 2","B3A2_HUMAN","no",6522,"SLC4A2","0,88",1,1,13,0,"#N/A"
"Human","P46977","2 - putative","Dolichyl-diphosphooligosaccharide--protein glycosyltransferase subunit STT3A","STT3A_HUMAN","no",3703,"STT3A","1",27,1,13,0,"#N/A"
"Human","Q8IVB4","2 - putative","Sodium/hydrogen exchanger 9","SL9A9_HUMAN","no",285195,"SLC9A9","1",2,1,12,0,"#N/A"
"Human","Q9BU23","2 - putative","Lipase maturation factor 2","LMF2_HUMAN","no",91289,"LMF2","1",11,1,11,0,"#N/A"
"Human","Q9Y6A1","2 - putative","Protein O-mannosyl-transferase 1","POMT1_HUMAN","no",10585,"POMT1","1",6,1,11,0,"#N/A"
"Human","Q9NUN5","2 - putative","Probable lysosomal cobalamin transporter","LMBD1_HUMAN","no",55788,"LMBRD1","1",22,1,9,0,"#N/A"
"Human","Q6ZMG9","2 - putative","LAG1 longevity assurance homolog 6","LASS6_HUMAN","no",253782,"LASS6","1",2,1,7,0,"#N/A"
"Human","Q8WTR4","2 - putative","Glycerophosphodiester phosphodiesterase domain-containing protein 5","GDPD5_HUMAN","no",81544,"GDPD5","1",7,1,6,0,"#N/A"
"Human","Q16563","2 - putative","Synaptophysin-like protein 1","SYPL1_HUMAN","no",6856,"SYPL1","1",42,1,3,0,"#N/A"
"Human","Q9NQC3","2 - putative","Reticulon-4","RTN4_HUMAN","no",57142,"RTN4","1",10,1,3,0,"#N/A"
"Human","Q14108","2 - putative","Lysosome membrane protein 2","SCRB2_HUMAN","no",950,"SCARB2","1",34,1,1,0,"#N/A"
"Human","Q8IV08","2 - putative","Phospholipase D3","PLD3_HUMAN","no",23646,"PLD3","1",23,1,1,0,"#N/A"
"Human","O43909","2 - putative","Exostosin-like 3","EXTL3_HUMAN","no",2137,"EXTL3","1",6,1,1,0,"#N/A"
"Human","P09172","2 - putative","Dopamine beta-hydroxylase","DOPO_HUMAN","no",1621,"DBH","1",1,1,1,0,"#N/A"
"Human","P49641","2 - putative","Alpha-mannosidase 2x","MA2A2_HUMAN","no",4122,"MAN2A2","1",4,1,1,0,"#N/A"
"Human","Q16706","2 - putative","Alpha-mannosidase 2","MA2A1_HUMAN","no",4124,"MAN2A1","1",10,1,1,0,"#N/A"
"Human","Q96AQ6","2 - putative","Pre-B-cell leukemia transcription factor-interacting protein 1","PBIP1_HUMAN","no",57326,"PBXIP1","1",8,1,1,0,"#N/A"
"Human","Q9NRB3","2 - putative","Carbohydrate sulfotransferase 12","CHSTC_HUMAN","no",55501,"CHST12","1",11,1,1,0,"#N/A"
"Human","Q9Y274","2 - putative","Type 2 lactosamine alpha-2,3-sialyltransferase","SIA10_HUMAN","no",10402,"ST3GAL6","1",3,1,1,0,"#N/A"
"Human","Q4ZIN3","2 - putative","Membralin","MBRL_HUMAN","no",91304,"C19orf6","0,9972",9,1,6,0,"#N/A"
"Human","Q9H5J4","2 - putative","Elongation of very long chain fatty acids protein 6","ELOV6_HUMAN","no",79071,"ELOVL6","0,9967",1,1,7,0,"#N/A"
"Human","Q9NQZ7","2 - putative","Ectonucleoside triphosphate diphosphohydrolase 7","ENTP7_HUMAN","no",57089,"ENTPD7","0,9957",2,1,2,0,"#N/A"
"Human","Q8WVQ1","2 - putative","Soluble calcium-activated nucleotidase 1","CANT1_HUMAN","no",124583,"CANT1","0,9957",2,1,1,0,"#N/A"
"Human","O95427","2 - putative","GPI ethanolamine phosphate transferase 1","PIGN_HUMAN","no",23556,"PIGN","0,9956",3,1,15,0,"#N/A"
"Human","Q12770","2 - putative","Sterol regulatory element-binding protein cleavage-activating protein","SCAP_HUMAN","no",22937,"SCAP","0,9956",12,1,7,0,"#N/A"
"Human","O60931","2 - putative","Cystinosin","CTNS_HUMAN","no",1497,"CTNS","0,9952",7,1,7,0,"#N/A"
"Human","Q8IY17","2 - putative","Neuropathy target esterase","PLPL6_HUMAN","no",10908,"PNPLA6","0,9952",1,1,1,0,"#N/A"
"Human","O60635","2 - putative","Tetraspanin-1","TSN1_HUMAN","no",10103,"TSPAN1","0,9946",1,1,4,0,"#N/A"
"Human","Q12797","2 - putative","Aspartyl/asparaginyl beta-hydroxylase","ASPH_HUMAN","no",444,"ASPH","0,9942",22,1,1,0,"#N/A"
"Human","Q9Y2C2","2 - putative","Uronyl 2-sulfotransferase","UST_HUMAN","no",10090,"UST","0,994",4,1,1,0,"#N/A"
"Human","Q8WWZ7","2 - putative","ATP-binding cassette sub-family A member 5","ABCA5_HUMAN","no",23461,"ABCA5","0,993",3,1,16,0,"#N/A"
"Human","Q13286","2 - putative","Battenin","CLN3_HUMAN","no",1201,"CLN3","0,9872",2,1,9,0,"#N/A"
"Human","Q7Z2K6","2 - putative","Endoplasmic reticulum metallopeptidase 1","ERMP1_HUMAN","no",79956,"ERMP1","0,9853",6,1,10,0,"#N/A"
"Human","Q8NCW6","2 - putative","Polypeptide N-acetylgalactosaminyltransferase 11","GLT11_HUMAN","no",63917,"GALNT11","0,9805",4,1,1,0,"#N/A"
"Human","Q8NFQ8","2 - putative","Torsin-1A-interacting protein 2","TOIP2_HUMAN","no",163590,"TOR1AIP2","0,9586",12,1,1,0,"#N/A"
"Human","Q8WXF7","2 - putative","Atlastin-1","ATLA1_HUMAN","no",51062,"ATL1","0,9466",4,1,2,0,"#N/A"
"Human","P10253","2 - putative","Lysosomal alpha-glucosidase","LYAG_HUMAN","no",2548,"GAA","1",10,1,1,0,"#N/A"
"Human","Q8NC56","2 - putative","LEM domain-containing protein 2","LEMD2_HUMAN","no",221496,"LEMD2","1",3,1,2,0,"#N/A"
"Human","P17405","2 - putative","Sphingomyelin phosphodiesterase","ASM_HUMAN","no",6609,"SMPD1","0,9957",1,1,1,0,"#N/A"
"Human","O75503","2 - putative","Ceroid-lipofuscinosis neuronal protein 5","CLN5_HUMAN","no",1203,"CLN5","0,9944",2,1,1,0,"#N/A"
"Human","Q5JTV8","2 - putative","Torsin-1A-interacting protein 1","TOIP1_HUMAN","no",26092,"TOR1AIP1","0,9555",2,1,1,0,"#N/A"
"Human","O94901","2 - putative","Protein unc-84 homolog A","UN84A_HUMAN","no",23353,"UNC84A","0,9155",8,1,2,0,"#N/A"
